"game_str","play_id","ADVANCED_2","safe_prob","inning","gameState","currentBase","BR2NextBase","adj_baserunning_speed","ball2Base"
"1900_02_TeamKJ_TeamB",22,0,0.0846012607216835,1,"111",1,95.2318259187988,26.8788525276995,189.791134036776
"1900_02_TeamKJ_TeamB",22,0,0.0368139930069447,1,"111",2,95.7042979251878,22.7437795167655,199.049337408995
"1900_02_TeamKJ_TeamB",117,1,0.804083287715912,3,"100",1,161.273634260673,27.1391539005259,328.706556110262
"1900_02_TeamKJ_TeamB",152,1,0.812691330909729,4,"100",1,176.184416605157,34.2803208813169,326.20870574042
"1900_02_TeamKJ_TeamB",184,0,0.294216632843018,1,"100",1,90.811570279585,14.159286769476,212.743013208282
"1900_02_TeamKJ_TeamB",186,0,0.124764621257782,5,"110",1,94.0519019554599,14.159286769476,161.49986807286
"1900_02_TeamKJ_TeamB",196,1,0.630758821964264,5,"111",1,99.1678881425123,26.7569324162482,120.627032429868
"1900_02_TeamKJ_TeamB",249,0,0.0694521069526672,6,"100",1,92.7204378422826,27.9528971769513,215.327426836103
"1900_02_TeamKJ_TeamB",255,0,0.122683890163898,6,"111",1,97.1737441689498,27.9528971769513,141.800528198761
"1900_02_TeamKJ_TeamB",255,0,0.103145353496075,6,"111",2,93.4434316770679,26.7569324162482,225.211692887603
"1900_04_TeamKK_TeamB",24,1,0.530654907226562,1,"100",1,128.556383390631,30.7175568220772,284.812518271726
"1900_04_TeamKK_TeamB",253,0,0.0869975686073303,9,"111",1,175.535403410514,18.6528763816906,122.361412063099
"1900_04_TeamKK_TeamB",253,0,0.138812348246574,9,"111",2,177.770108562456,21.1581937004506,209.671813031795
"1900_05_TeamKK_TeamB",136,0,0.0477268695831299,5,"100",1,92.4579872989979,21.6402908130702,180.83732619204
"1900_06_TeamKL_TeamB",55,0,0.558660566806793,2,"010",2,136.051156815542,27.9528971769513,291.730288435963
"1900_07_TeamKL_TeamB",33,0,0.0739634707570076,2,"100",1,99.2385120404661,22.366920656278,174.593386385138
"1900_07_TeamKL_TeamB",39,0,0.296563774347305,2,"110",1,156.161603047029,23.494052001917,263.680697540225
"1900_07_TeamKL_TeamB",39,0,0.187613680958748,2,"110",2,158.659764719089,22.366920656278,265.779266226036
"1900_07_TeamKL_TeamB",65,0,0.163483455777168,3,"010",2,164.214604351815,26.826230768164,297.648568791335
"1900_08_TeamKL_TeamB",215,0,0.0469825640320778,7,"110",1,94.2148674005152,23.494052001917,180.053087603935
"1900_08_TeamKL_TeamB",215,0,0.0667868107557297,7,"110",2,95.9808163874028,22.7654232076144,256.840691695455
"1900_09_TeamKK_TeamB",126,0,0.713108599185944,4,"110",1,136.465091476271,30.7175568220772,216.530644499159
"1900_09_TeamKK_TeamB",130,1,0.903019726276398,4,"110",1,181.769253637511,30.7175568220772,346.890854158968
"1901_01_TeamLG_TeamA3",134,0,0.25749808549881,5,"110",1,156.102096229275,21.4003861937142,231.641680999998
"1901_02_TeamLG_TeamA3",49,0,0.0843606144189835,2,"100",1,101.040144037006,28.2486260285688,207.098591703078
"1901_02_TeamLG_TeamA3",168,1,0.512231588363647,5,"100",1,150.401657458582,23.6478236124503,187.259060922116
"1901_03_TeamLG_TeamA3",131,0,0.449003577232361,5,"110",2,166.171817256541,24.4971381000068,342.082950220045
"1901_03_TeamLG_TeamA3",135,1,0.742646217346191,5,"101",1,128.4011069297,21.4086267577984,239.797550661079
"1901_03_TeamLG_TeamA3",238,1,0.728736162185669,8,"100",1,147.96123446266,26.7528266145987,339.283682897544
"1901_04_TeamLI_TeamA3",58,0,0.231475725769997,2,"100",1,155.456655979679,20.5687859565677,263.971160026165
"1901_04_TeamLI_TeamA3",166,0,0.556006789207458,5,"100",1,155.224686234086,27.5619114940129,274.822925750919
"1901_04_TeamLI_TeamA3",206,1,0.911286592483521,7,"100",1,170.553171069683,32.0016075382556,332.759223634973
"1901_04_TeamLI_TeamA3",283,1,0.551964402198792,8,"110",2,163.373931426924,24.4971381000068,369.122006534818
"1901_05_TeamLI_TeamA3",39,0,0.233584105968475,1,"010",2,167.985513580337,22.9357280637988,183.978616356711
"1901_05_TeamLI_TeamA3",73,0,0.4557244181633,2,"100",1,143.594333369061,24.4002478995914,189.066716163678
"1901_05_TeamLI_TeamA3",223,0,0.0537874586880207,5,"110",1,92.1309887418428,24.954633187347,112.168383921434
"1901_05_TeamLI_TeamA3",225,1,0.803869783878326,5,"111",1,173.627174467979,30.4590949342848,269.802589522447
"1901_05_TeamLI_TeamA3",225,1,0.774801254272461,5,"111",2,152.419287785248,24.954633187347,338.148600159693
"1901_05_TeamLI_TeamA3",279,1,0.706085860729218,7,"100",1,123.725727764305,24.954633187347,250.70761254414
"1901_05_TeamLI_TeamA3",308,1,0.242685288190842,8,"100",1,163.646493518988,21.6365883331313,167.22473827696
"1901_06_TeamLI_TeamA3",77,1,0.821098685264587,4,"100",1,148.457653875277,29.2113593317137,250.465564080049
"1901_06_TeamLI_TeamA3",106,1,0.779180407524109,5,"010",2,130.739060507516,24.4971381000068,261.20651063869
"1901_06_TeamLI_TeamA3",107,1,0.706085860729218,5,"100",1,124.095843305878,24.6123472543295,234.393840333317
"1901_06_TeamLI_TeamA3",113,0,0.0796707943081856,5,"101",1,105.801517940423,17.8842525170669,261.627289104888
"1901_06_TeamLI_TeamA3",117,0,0.298334240913391,5,"110",1,173.156481008475,23.5452295124492,271.833626114655
"1901_06_TeamLI_TeamA3",117,0,0.236315160989761,5,"110",2,166.991509565749,17.8842525170669,322.37929717958
"1901_07_TeamLK_TeamB",23,1,0.911649346351624,1,"110",1,186.285136567929,22.8418259494,328.175248043243
"1901_08_TeamLK_TeamB",7,0,0.719019770622253,1,"010",2,131.431761226868,29.7735173196117,287.482302369033
"1901_08_TeamLK_TeamB",108,0,0.80485987663269,4,"110",1,116.793174387714,23.0914667107024,248.617780838901
"1901_08_TeamLK_TeamB",108,0,0.362480878829956,4,"110",2,158.216720938047,23.1078943960401,332.427504606418
"1901_09_TeamLK_TeamB",181,1,0.534952640533447,6,"100",1,133.317748418401,25.880549788447,273.322882455938
"1901_09_TeamLK_TeamB",268,1,0.745591342449188,9,"111",1,204.707762890593,23.9776613340673,310.114786762422
"1901_09_TeamLK_TeamB",268,1,0.904345750808716,9,"111",2,192.189799642107,29.7735173196117,376.47236090773
"1901_10_TeamLJ_TeamB",13,0,0.176732584834099,1,"011",2,99.6290059679781,25.5690374765617,214.299535592334
"1901_11_TeamLJ_TeamB",19,1,0.82073312997818,1,"010",2,143.446793843359,32.530376156793,255.144337880914
"1901_11_TeamLJ_TeamB",105,1,0.724721193313599,3,"100",1,121.981813048447,28.688494066077,229.7993527879
"1901_11_TeamLJ_TeamB",137,0,0.0804204940795898,3,"100",1,101.520634183639,24.2827464459474,144.006011086655
"1901_12_TeamLJ_TeamB",123,0,0.100875101983547,4,"100",1,93.0271243013048,26.7852439631741,214.634259859565
"1901_12_TeamLJ_TeamB",188,0,0.357796996831894,6,"100",1,113.934549324823,25.5690374765617,160.117378726209
"1901_13_TeamLL_TeamB",20,0,0.0494549162685871,1,"100",1,92.8022088617047,30.2208439244856,231.949715395157
"1901_13_TeamLL_TeamB",21,1,0.699366331100464,1,"110",1,161.093258069093,30.2208439244856,291.006481623641
"1901_13_TeamLL_TeamB",148,1,0.812967300415039,5,"010",2,128.116669344046,24.2827464459474,229.471326708611
"1901_14_TeamLL_TeamB",98,1,0.387699246406555,4,"100",1,150.740152204645,22.6906068610741,307.531954657113
"1901_14_TeamLL_TeamB",112,0,0.125670462846756,4,"010",2,163.485610622914,24.8895400692011,308.091961733262
"1901_14_TeamLL_TeamB",185,1,0.88116317987442,6,"100",1,183.163242120667,24.8895400692011,325.611557643715
"1901_16_TeamLH_TeamA3",139,1,0.688170850276947,4,"100",1,117.186977744256,24.4633482926477,280.938215015589
"1901_16_TeamLH_TeamA3",236,1,0.504253149032593,6,"101",1,150.42826141829,22.7924038348737,232.479399262962
"1901_17_TeamLH_TeamA3",90,0,0.126058533787727,3,"100",1,97.6899384015634,17.1536129237822,213.310042408983
"1901_18_TeamLH_TeamA3",43,1,0.424636006355286,1,"100",1,105.600608713278,22.9357280637988,282.179050334705
"1901_18_TeamLH_TeamA3",65,1,0.398095846176147,2,"100",1,100.76717830666,17.0760476929379,163.608307811083
"1901_18_TeamLH_TeamA3",75,0,0.296563774347305,2,"100",1,153.264538226382,24.4633482926477,274.530225060358
"1901_18_TeamLH_TeamA3",82,0,0.210106328129768,3,"010",2,176.898188815035,13.6800755698228,232.247593809193
"1901_18_TeamLH_TeamA3",130,0,0.0482007190585136,4,"100",1,93.2157922913215,21.5390504953068,160.688081849706
"1901_18_TeamLH_TeamA3",132,1,0.710515677928925,4,"110",1,142.152353089745,25.8999812456203,173.457923626667
"1901_18_TeamLH_TeamA3",202,0,0.0838953331112862,6,"010",2,170.291531017434,25.4357357614289,286.907326288629
"1901_18_TeamLH_TeamA3",211,0,0.383938521146774,6,"010",2,113.310015734488,25.4357357614289,193.526516722877
"1901_18_TeamLH_TeamA3",216,0,0.274289935827255,7,"100",1,146.505577232784,17.0760476929379,246.334490389006
"1902_01_TeamMG_TeamA3",75,1,0.703553318977356,3,"010",2,113.706063794922,25.2555830630901,216.153323648215
"1902_01_TeamMG_TeamA3",120,1,0.837146937847137,4,"111",1,141.128027086292,21.88731526313,346.492791146071
"1902_01_TeamMG_TeamA3",120,1,0.924274206161499,4,"111",2,117.618471508803,23.5452295124492,337.311091869568
"1902_01_TeamMG_TeamA3",133,0,0.0865648910403252,4,"110",1,97.3780709598034,27.0214166099241,189.980002764395
"1902_01_TeamMG_TeamA3",133,1,0.803205609321594,4,"110",2,115.565597282743,26.0290969628366,252.137921749811
"1902_01_TeamMG_TeamA3",135,1,0.798224091529846,4,"011",2,186.646959367969,21.7799100390994,303.646740916365
"1902_01_TeamMG_TeamA3",155,0,0.145450934767723,5,"100",1,147.103627592248,17.9268914459522,292.837791594
"1902_01_TeamMG_TeamA3",184,1,0.0995872914791107,5,"010",2,175.076823770246,25.4985828644594,278.267801240064
"1902_02_TeamMG_TeamA3",23,0,0.375743806362152,1,"100",1,145.681310051341,21.7799100390994,293.045963915548
"1902_02_TeamMG_TeamA3",89,1,0.25749808549881,3,"100",1,159.218466459461,21.7799100390994,213.107230923432
"1902_02_TeamMG_TeamA3",101,0,0.215084478259087,3,"111",1,173.621830049389,21.3527811410884,266.352955984936
"1902_02_TeamMG_TeamA3",101,0,0.321592837572098,3,"111",2,172.091674480454,22.9915836343078,313.09488159304
"1902_02_TeamMG_TeamA3",114,1,0.518961548805237,3,"111",1,173.047224318767,22.9920688981568,206.392885084773
"1902_02_TeamMG_TeamA3",114,1,0.28185561299324,3,"111",2,175.811872886631,21.3527811410884,296.346087144153
"1902_02_TeamMG_TeamA3",140,0,0.0513184331357479,4,"110",1,96.1448576179677,21.7799100390994,160.232501947664
"1902_02_TeamMG_TeamA3",140,1,0.888586461544037,4,"110",2,119.533195634479,27.0214166099241,239.17727199824
"1902_02_TeamMG_TeamA3",159,1,0.0372936092317104,4,"111",1,95.9393903166946,23.5452295124492,132.746406047137
"1902_02_TeamMG_TeamA3",159,1,0.743813812732697,4,"111",2,110.502345540014,21.3527811410884,214.257485262966
"1902_02_TeamMG_TeamA3",173,1,0.117064476013184,4,"100",1,108.230311462137,26.0290969628366,204.331414885126
"1902_02_TeamMG_TeamA3",313,0,0.0330920480191708,7,"100",1,94.3343143812529,22.9920688981568,176.572630909344
"1902_02_TeamMG_TeamA3",318,0,0.107882238924503,7,"110",1,106.001171345084,25.4985828644594,164.916647973946
"1902_02_TeamMG_TeamA3",318,0,0.162020787596703,7,"110",2,108.991979768756,22.9920688981568,248.517808140684
"1902_03_TeamMG_TeamA3",27,0,0.0645375475287437,1,"100",1,98.4198287718897,22.9915836343078,161.332054170393
"1902_03_TeamMG_TeamA3",58,0,0.075065553188324,2,"100",1,92.0882442027458,21.88731526313,185.730868600658
"1902_03_TeamMG_TeamA3",67,0,0.113204948604107,2,"111",1,91.5218255984881,14.9514133054086,120.612924745584
"1902_03_TeamMG_TeamA3",67,0,0.0369228236377239,2,"111",2,91.9940471509922,26.0290969628366,204.614380233062
"1902_03_TeamMG_TeamA3",197,0,0.0520091503858566,6,"100",1,93.3516599651242,27.0214166099241,263.34464159445
"1902_03_TeamMG_TeamA3",207,1,0.378103464841843,6,"011",2,166.923774593185,22.9920688981568,278.695176411164
"1902_03_TeamMG_TeamA3",255,0,0.0508647039532661,8,"100",1,101.017569279959,23.8224452983819,207.847760479113
"1902_03_TeamMG_TeamA3",260,0,0.612066090106964,8,"110",1,114.704619936919,23.8224452983819,247.513911489615
"1902_03_TeamMG_TeamA3",260,0,0.279569804668427,8,"110",2,173.399619364469,22.853648619044,326.133661258402
"1902_03_TeamMG_TeamA3",264,1,0.444459050893784,8,"110",2,203.368461001156,17.9268914459522,150.587239907121
"1902_04_TeamML_TeamB",82,1,0.480111509561539,3,"100",1,168.854285414415,23.9302123664189,174.709214623536
"1902_04_TeamML_TeamB",91,1,0.901110529899597,3,"111",1,130.395741302418,24.6883128703892,232.270871588919
"1902_04_TeamML_TeamB",91,1,0.930459022521973,3,"111",2,135.43087411955,24.0978296477057,221.736440044143
"1902_04_TeamML_TeamB",92,1,0.828828990459442,3,"101",1,126.891508037622,23.8132079130804,195.041607338533
"1902_04_TeamML_TeamB",119,0,0.0463024899363518,4,"101",1,96.1287545947233,24.6883128703892,150.351947197527
"1902_04_TeamML_TeamB",182,1,0.382982820272446,6,"100",1,168.33801015177,24.6883128703892,260.538370605681
"1902_04_TeamML_TeamB",224,1,0.542816579341888,7,"100",1,163.290277444668,24.0978296477057,207.389356999032
"1902_04_TeamML_TeamB",246,0,0.594041883945465,8,"110",1,118.910569026817,21.0952978803938,323.100838825787
"1902_04_TeamML_TeamB",246,0,0.599388480186462,8,"110",2,160.235520438641,24.6631818294336,322.764442137761
"1902_04_TeamML_TeamB",247,1,0.480517536401749,8,"101",1,142.338219979223,21.0952978803938,260.586763982167
"1902_04_TeamML_TeamB",252,0,0.117407985031605,8,"011",2,95.4950812489309,20.91500170281,221.074838434013
"1902_04_TeamML_TeamB",278,0,0.042002409696579,9,"100",1,90.479517169722,23.5512913231124,208.492127696052
"1902_04_TeamML_TeamB",279,1,0.0599857717752457,9,"110",1,95.6242804731934,24.6631818294336,147.362600907931
"1902_04_TeamML_TeamB",279,0,0.888193845748901,9,"110",2,128.436569421333,23.5512913231124,232.908799718538
"1902_04_TeamML_TeamB",287,0,0.305149912834167,9,"110",1,93.0592191294526,21.0952978803938,269.638809972766
"1902_04_TeamML_TeamB",287,0,0.849166810512543,9,"110",2,132.764321724982,24.6631818294336,266.392307298559
"1902_04_TeamML_TeamB",292,0,0.0634769350290298,9,"111",1,93.7217074141436,23.0381744714541,231.529029832871
"1902_04_TeamML_TeamB",292,0,0.263431906700134,9,"111",2,111.437501257676,21.0952978803938,238.032669176691
"1902_04_TeamML_TeamB",299,0,0.115952156484127,9,"111",1,174.604473011855,20.91500170281,268.595274021225
"1902_04_TeamML_TeamB",299,0,0.0750278010964394,9,"111",2,174.24631138636,19.067266234769,288.867513039456
"1902_05_TeamML_TeamB",10,1,0.301381528377533,1,"100",1,157.751749795977,21.0952978803938,295.048799056247
"1902_05_TeamML_TeamB",12,0,0.0531074218451977,1,"011",2,92.9948731931085,23.0381744714541,202.138666113141
"1902_05_TeamML_TeamB",14,0,0.0619645789265633,1,"101",1,175.415562703846,19.067266234769,246.278386872906
"1902_05_TeamML_TeamB",45,0,0.317973703145981,1,"111",1,161.840912763492,24.7556640739679,180.358427410633
"1902_05_TeamML_TeamB",45,0,0.109550707042217,1,"111",2,103.523780090408,25.2484830633829,201.030801748513
"1902_05_TeamML_TeamB",46,0,0.109550707042217,1,"111",1,98.9544492002033,23.0100547771701,201.633492938515
"1902_05_TeamML_TeamB",46,0,0.109550707042217,1,"111",2,103.240460689838,24.7556640739679,200.423082659483
"1902_05_TeamML_TeamB",49,0,0.0979387015104294,1,"111",1,97.7009651279045,25.880549788447,160.464869647628
"1902_05_TeamML_TeamB",49,0,0.0568460822105408,1,"111",2,96.1181009089379,23.0100547771701,240.079854062456
"1902_05_TeamML_TeamB",81,0,0.123732671141624,2,"100",1,102.524918440853,24.0978296477057,122.764531696116
"1902_05_TeamML_TeamB",83,0,0.517117023468018,2,"110",2,151.24537916055,24.0978296477057,320.975224714463
"1902_05_TeamML_TeamB",105,0,0.0455592721700668,3,"100",1,95.505101426631,20.91500170281,204.778377450362
"1902_05_TeamML_TeamB",183,0,0.0710604786872864,5,"100",1,91.5344266484276,22.0294972578329,225.018859930292
"1902_05_TeamML_TeamB",186,1,0.543431103229523,5,"110",2,161.050289954719,21.2216776405558,354.729485171391
"1902_05_TeamML_TeamB",209,0,0.305910915136337,5,"100",1,155.543262061195,23.0100547771701,178.074791480063
"1902_05_TeamML_TeamB",235,0,0.512231588363647,6,"100",1,150.537666349107,23.9302123664189,208.736539631737
"1902_06_TeamML_TeamB",99,1,0.8090900182724,4,"110",1,185.38916956481,23.8132079130804,245.613744357869
"1902_06_TeamML_TeamB",104,0,0.0971092507243156,4,"011",2,97.8197363068197,25.2484830633829,200.424007917839
"1902_06_TeamML_TeamB",148,1,0.80485987663269,5,"101",1,122.057170883662,24.7556640739679,229.924797734818
"1902_06_TeamML_TeamB",167,0,0.0530106350779533,6,"100",1,107.791645857117,21.0952978803938,188.87028911368
"1902_06_TeamML_TeamB",170,0,0.0617596954107285,6,"110",1,95.6745961458668,21.0952978803938,190.33425445351
"1902_06_TeamML_TeamB",213,0,0.326791852712631,7,"100",1,158.808472711697,23.5512913231124,214.716751935414
"1902_06_TeamML_TeamB",247,1,0.173576265573502,8,"100",1,125.2800761882,27.5191666879981,293.549687351176
"1902_06_TeamML_TeamB",265,1,0.133781313896179,8,"110",1,102.827828420129,25.2484830633829,132.788543698716
"1902_06_TeamML_TeamB",266,0,0.0559876374900341,8,"101",1,95.7069473339255,25.880549788447,190.172106736934
"1902_07_TeamMJ_TeamB",21,0,0.0586253218352795,1,"100",1,93.9772627912011,24.0978296477057,239.011149718686
"1902_07_TeamMJ_TeamB",26,0,0.0464380197227001,1,"101",1,90.6667991106322,23.8132079130804,158.528946271273
"1902_07_TeamMJ_TeamB",43,1,0.848390161991119,2,"010",2,131.514211072379,23.9691142411669,340.713461116522
"1902_07_TeamMJ_TeamB",106,1,0.453615993261337,4,"100",1,147.562704143945,20.019303156654,292.362552605614
"1902_07_TeamMJ_TeamB",140,0,0.0802795216441154,5,"100",1,97.3781543446154,21.9795087059068,130.32218581284
"1902_07_TeamMJ_TeamB",145,0,0.349777579307556,5,"110",1,146.204580641264,24.8910749938063,210.923882449139
"1902_07_TeamMJ_TeamB",145,0,0.139673992991447,5,"110",2,174.561996787895,21.9795087059068,285.497139998862
"1902_07_TeamMJ_TeamB",162,1,0.793499350547791,5,"010",2,188.293005548717,23.0100547771701,318.889232435104
"1902_07_TeamMJ_TeamB",208,1,0.828828990459442,7,"110",1,135.244668321633,24.8910749938063,200.321152140809
"1902_07_TeamMJ_TeamB",208,1,0.647772669792175,7,"110",2,141.740415504485,21.9795087059068,240.544700259827
"1902_07_TeamMJ_TeamB",223,0,0.200249090790749,7,"111",1,160.711112501234,20.019303156654,201.090166654591
"1902_07_TeamMJ_TeamB",223,0,0.221584886312485,7,"111",2,177.184062068908,23.9691142411669,254.974188845055
"1902_07_TeamMJ_TeamB",282,1,0.401523649692535,9,"011",2,154.077117489159,24.6883128703892,263.333464233017
"1902_08_TeamMJ_TeamB",106,0,0.153090834617615,3,"010",2,165.586487168125,24.0978296477057,314.933862096356
"1902_08_TeamMJ_TeamB",155,0,0.0346477366983891,5,"100",1,92.9177463830117,24.8910749938063,211.756928816265
"1902_08_TeamMJ_TeamB",205,1,0.669472277164459,6,"100",1,124.945625603656,25.880549788447,248.378141550207
"1902_08_TeamMJ_TeamB",241,1,0.695732831954956,8,"100",1,133.407899982642,20.6926015244904,238.104535088938
"1902_08_TeamMJ_TeamB",250,1,0.709943115711212,8,"101",1,138.979882076313,21.9795087059068,320.003337925731
"1902_08_TeamMJ_TeamB",351,1,0.133781313896179,11,"110",1,97.0347374838456,24.6883128703892,148.353390220788
"1902_08_TeamMJ_TeamB",386,0,0.262536019086838,12,"111",1,180.457894949652,24.9345186294213,282.369871114828
"1902_09_TeamMJ_TeamB",37,0,0.201881125569344,2,"100",1,166.563530219312,20.019303156654,238.500046119286
"1902_09_TeamMJ_TeamB",42,0,0.0912723317742348,2,"100",1,92.1576791173421,20.019303156654,192.823146808198
"1902_09_TeamMJ_TeamB",75,0,0.138360843062401,3,"010",2,94.8038658108581,22.6459863061327,215.676323361884
"1902_09_TeamMJ_TeamB",106,0,0.0462824478745461,4,"100",1,92.2465302077288,20.6926015244904,152.726665382891
"1902_09_TeamMJ_TeamB",137,0,0.653969883918762,4,"111",1,172.116194857873,25.880549788447,195.013762906334
"1902_09_TeamMJ_TeamB",137,0,0.200204446911812,4,"111",2,169.861325372175,25.2484830633829,284.982025717623
"1902_09_TeamMJ_TeamB",141,0,0.0688846930861473,4,"110",1,99.1113887421562,25.880549788447,207.516479448199
"1902_09_TeamMJ_TeamB",141,1,0.710465371608734,4,"110",2,121.858529053349,25.2484830633829,229.353348041684
"1902_09_TeamMJ_TeamB",142,1,0.432646989822388,4,"110",1,169.693825657644,26.3033847994473,226.297733408778
"1902_09_TeamMJ_TeamB",142,1,0.31783327460289,4,"110",2,168.361262244378,25.880549788447,316.188956318718
"1902_09_TeamMJ_TeamB",197,0,0.303073704242706,6,"011",2,111.6282357789,23.0100547771701,210.007335259748
"1902_09_TeamMJ_TeamB",212,0,0.0330920480191708,7,"100",1,96.7223433495867,22.6459863061327,184.452732503528
"1902_10_TeamMI_TeamA3",9,0,0.038103673607111,1,"100",1,92.1594983438896,24.7092959649646,176.518985168545
"1902_10_TeamMI_TeamA3",12,0,0.272783666849136,1,"110",1,161.628468426596,23.9553539990557,289.96150196182
"1902_10_TeamMI_TeamA3",12,0,0.315155297517776,1,"110",2,165.657911887089,24.7092959649646,352.393490515378
"1902_10_TeamMI_TeamA3",86,0,0.548611521720886,1,"101",1,140.35799940409,25.8999812456203,285.722032773251
"1902_10_TeamMI_TeamA3",147,1,0.558280944824219,5,"110",1,155.341446582942,25.8999812456203,153.230508226552
"1902_10_TeamMI_TeamA3",147,1,0.314361482858658,5,"110",2,161.347789138216,25.4985828644594,242.804498298549
"1902_11_TeamMI_TeamA3",17,0,0.242769286036491,1,"100",1,168.743361694639,21.7799100390994,325.937512934693
"1902_11_TeamMI_TeamA3",26,0,0.121564470231533,1,"010",2,174.02555113841,21.7799100390994,327.643325985148
"1902_11_TeamMI_TeamA3",67,1,0.75321888923645,2,"011",2,118.747000078405,28.1733142152992,370.677561475267
"1902_11_TeamMI_TeamA3",123,1,0.581530332565308,4,"100",1,139.267609943799,23.654598271098,184.746534260314
"1902_11_TeamMI_TeamA3",209,0,0.222725480794907,6,"010",2,110.465725086098,21.6509879401377,269.956430818527
"1902_11_TeamMI_TeamA3",211,0,0.234410017728806,6,"101",1,160.713098963087,22.9920688981568,288.001724404337
"1902_11_TeamMI_TeamA3",228,0,0.241095930337906,7,"110",1,151.345446257516,14.9274595378152,176.547225114777
"1902_11_TeamMI_TeamA3",228,0,0.157656982541084,7,"110",2,171.631599288854,25.3454232087189,254.668440382903
"1902_11_TeamMI_TeamA3",287,0,0.208179399371147,8,"110",1,163.851004860179,23.5452295124492,222.78119627654
"1902_11_TeamMI_TeamA3",287,0,0.124099791049957,8,"110",2,169.716478757588,21.3527811410884,275.337118710609
"1902_12_TeamMI_TeamA3",45,1,0.504492342472076,2,"100",1,137.289387456654,22.9915836343078,187.000091718964
"1902_12_TeamMI_TeamA3",49,0,0.104516945779324,2,"101",1,97.6497419350667,21.7799100390994,162.645173199731
"1902_12_TeamMI_TeamA3",85,1,0.369468569755554,3,"100",1,150.021288131827,24.4169648992882,275.079828325678
"1902_12_TeamMI_TeamA3",105,1,0.490018784999847,3,"111",1,178.474713024188,23.5452295124492,317.84474180447
"1902_12_TeamMI_TeamA3",105,1,0.325227826833725,3,"111",2,167.315917153469,22.9915836343078,343.833410315868
"1902_12_TeamMI_TeamA3",182,0,0.365962624549866,6,"100",1,127.996286790634,23.9553539990557,297.343410400478
"1902_12_TeamMI_TeamA3",186,1,0.370152115821838,6,"100",1,153.327761137496,23.9553539990557,126.207979061037
"1902_12_TeamMI_TeamA3",232,1,0.504253149032593,7,"100",1,150.056111050035,22.9915836343078,258.728855708875
"1902_13_TeamMD_TeamA2",12,0,0.430384814739227,1,"100",1,153.218082254871,23.8654312572598,198.833300330637
"1902_13_TeamMD_TeamA2",19,0,0.358482629060745,1,"010",2,162.751891768136,83.916574659537,301.980697952055
"1902_13_TeamMD_TeamA2",24,0,0.245128527283669,2,"100",1,156.357174110877,25.4774949379808,284.802580436203
"1902_13_TeamMD_TeamA2",36,1,0.496855616569519,2,"010",2,135.02303749998,16.9770384487801,274.451916963336
"1902_13_TeamMD_TeamA2",40,1,0.70581328868866,2,"010",2,115.881339329496,26.2281855296024,197.964423845927
"1902_13_TeamMD_TeamA2",118,0,0.182773143053055,4,"100",1,111.336202580835,16.9770384487801,185.623648336663
"1902_13_TeamMD_TeamA2",148,0,0.402871817350388,5,"100",1,148.657979732206,24.3950990717959,234.507312623949
"1902_13_TeamMD_TeamA2",166,0,0.126470908522606,5,"110",1,103.265984307337,26.6621783241271,138.800745357102
"1902_13_TeamMD_TeamA2",166,0,0.116445407271385,5,"110",2,92.615635349457,83.916574659537,222.374651264145
"1902_13_TeamMD_TeamA2",189,1,0.690099716186523,6,"110",1,172.016977240274,23.8654312572598,327.995742593996
"1902_13_TeamMD_TeamA2",189,1,0.543229460716248,6,"110",2,164.200562150016,26.6083973321176,313.621997265881
"1902_13_TeamMD_TeamA2",199,0,0.329603880643845,6,"100",1,124.310460463266,24.7387556622349,305.436149547378
"1902_13_TeamMD_TeamA2",290,0,0.71510773897171,9,"010",2,138.124534511576,24.3950990717959,262.105245308279
"1902_13_TeamMD_TeamA2",298,0,0.0792719945311546,9,"101",1,95.0884487528504,22.2635903526213,230.713909620742
"1902_13_TeamMD_TeamA2",302,0,0.430384814739227,9,"110",1,157.366476628202,24.2936082558043,201.475234965441
"1902_13_TeamMD_TeamA2",302,0,0.1935153901577,9,"110",2,156.933772897005,22.2635903526213,291.285192004417
"1902_13_TeamMK_TeamB",8,0,0.484806448221207,1,"100",1,119.958143012994,21.728594530765,174.430999691056
"1902_13_TeamMK_TeamB",20,0,0.332682013511658,1,"100",1,145.900506067792,23.0100547771701,178.291041608894
"1902_13_TeamMK_TeamB",23,0,0.129084840416908,1,"100",1,93.3611136086501,23.0100547771701,213.285295831405
"1902_13_TeamMK_TeamB",47,1,0.271553128957748,2,"100",1,154.111031706024,25.2484830633829,251.431159048564
"1902_13_TeamMK_TeamB",50,0,0.12100788205862,2,"101",1,95.6393322426578,25.880549788447,219.179062915127
"1902_13_TeamMK_TeamB",62,1,0.70296835899353,2,"011",2,140.885625537683,24.9345186294213,261.577989276946
"1902_13_TeamMK_TeamB",76,1,0.516245305538177,3,"100",1,150.988164615899,22.9966277576141,289.961110522527
"1902_13_TeamMK_TeamB",115,0,0.0713707357645035,4,"010",2,103.345627963328,23.3053565140412,232.131019890049
"1902_13_TeamMK_TeamB",127,0,0.0536317005753517,4,"111",1,96.5695810541902,23.576295389748,89.6856364716501
"1902_13_TeamMK_TeamB",127,1,0.788236618041992,4,"111",2,182.337720224547,21.728594530765,177.742711931854
"1902_13_TeamMK_TeamB",129,1,0.439369708299637,4,"110",1,159.080411699806,25.2895751680644,331.30897368955
"1902_13_TeamMK_TeamB",129,1,0.53334653377533,4,"110",2,157.745242400814,23.576295389748,368.550113586796
"1902_13_TeamMK_TeamB",157,0,0.0369228236377239,5,"110",1,91.8250044612324,23.3053565140412,197.91930115934
"1902_13_TeamMK_TeamB",166,0,0.043611716479063,5,"111",1,91.5962928967383,22.9966277576141,251.713253606337
"1902_13_TeamMK_TeamB",166,0,0.0568460822105408,5,"111",2,96.5809093740422,25.921122735124,254.442775014973
"1902_13_TeamMK_TeamB",171,0,0.233912259340286,5,"111",1,174.125949595317,21.728594530765,310.849761012591
"1902_13_TeamMK_TeamB",171,0,0.82620644569397,5,"111",2,150.019304879275,22.9966277576141,319.977989325672
"1902_13_TeamMK_TeamB",191,0,0.643088757991791,5,"010",2,125.985928552445,26.3033847994473,236.366742931932
"1902_13_TeamMK_TeamB",224,1,0.608138084411621,6,"100",1,160.816156587308,29.347973504502,287.312167450715
"1902_13_TeamMK_TeamB",230,0,0.261478871107101,7,"100",1,164.941115654332,23.3053565140412,213.506153054762
"1902_13_TeamMK_TeamB",245,0,0.162807419896126,7,"100",1,125.371202417516,26.3033847994473,294.189258735319
"1902_13_TeamMK_TeamB",318,0,0.0844234526157379,9,"111",1,91.6006657925483,23.576295389748,212.488578553418
"1902_13_TeamMK_TeamB",318,0,0.0689956173300743,9,"111",2,96.4033107758203,21.728594530765,258.470502707466
"1902_13_TeamMK_TeamB",334,0,0.243263185024261,9,"100",1,162.984030607898,23.0100547771701,207.080197970311
"1902_14_TeamMD_TeamA2",21,0,0.0536317005753517,1,"110",1,93.4124484162919,22.380589654004,119.993065430381
"1902_14_TeamMD_TeamA2",21,1,0.496814340353012,1,"110",2,178.064288170314,23.970070920285,197.300459413783
"1902_14_TeamMD_TeamA2",40,0,0.136969029903412,2,"010",2,98.1887194595083,25.4774949379808,223.576553909863
"1902_14_TeamMD_TeamA2",52,1,0.665741860866547,2,"110",1,113.869854469579,30.6932432741606,222.695434471987
"1902_14_TeamMD_TeamA2",52,1,0.871246218681335,2,"110",2,125.027143132888,24.2936082558043,227.369468639569
"1902_14_TeamMD_TeamA2",85,0,0.0345453694462776,3,"100",1,96.3859055073454,25.4774949379808,185.509578271536
"1902_14_TeamMD_TeamA2",119,0,0.0346477366983891,4,"100",1,91.8352410933092,24.7387556622349,193.285272995342
"1902_14_TeamMD_TeamA2",169,0,0.268534392118454,5,"100",1,145.871401640968,26.6621783241271,210.707359316653
"1902_14_TeamMD_TeamA2",211,0,0.232673406600952,7,"100",1,139.808679837336,22.2635903526213,301.301826789081
"1902_14_TeamMD_TeamA2",269,1,0.704967081546783,9,"100",1,177.827639076281,24.3950990717959,349.482058578517
"1902_14_TeamMK_TeamB",21,0,0.0384858436882496,1,"100",1,93.9688653178125,26.3033847994473,153.831359823089
"1902_14_TeamMK_TeamB",34,0,0.0663270503282547,2,"100",1,97.1209978120454,22.2510987536256,207.246407837103
"1902_14_TeamMK_TeamB",56,0,0.0379914976656437,2,"100",1,96.2857715642889,24.7556640739679,201.390131725885
"1902_14_TeamMK_TeamB",73,0,0.348197788000107,3,"100",1,176.438447777213,22.9966277576141,190.539340205733
"1902_14_TeamMK_TeamB",131,0,0.0368139930069447,5,"110",1,96.1060289932171,23.576295389748,190.362382703859
"1902_14_TeamMK_TeamB",131,0,0.0776309743523598,5,"110",2,94.1650464511979,21.728594530765,255.993233122616
"1902_14_TeamMK_TeamB",136,1,0.836169898509979,5,"011",2,121.571821758489,24.8454571461145,208.548977664936
"1902_14_TeamMK_TeamB",177,0,0.0445074439048767,6,"101",1,91.3929120669516,22.8418259494,161.597321926706
"1902_14_TeamMK_TeamB",183,0,0.0477272011339664,6,"110",1,92.9767475335707,24.7556640739679,130.737549359432
"1902_14_TeamMK_TeamB",183,0,0.114013649523258,6,"110",2,96.0867953160456,22.8418259494,214.855899801984
"1902_14_TeamMK_TeamB",192,0,0.0871151015162468,6,"111",1,95.9839551250938,25.880549788447,213.38509040371
"1902_14_TeamMK_TeamB",192,0,0.0386021547019482,6,"111",2,91.5754552865299,25.2484830633829,231.05243734988
"1902_14_TeamMK_TeamB",197,0,0.0352687202394009,6,"111",1,93.2876764461344,22.2773959733266,187.968395096306
"1902_14_TeamMK_TeamB",197,0,0.0352687202394009,6,"111",2,93.6819179535763,25.880549788447,211.026603580994
"1902_14_TeamMK_TeamB",204,0,0.0352687202394009,6,"111",1,93.4061574139292,23.0100547771701,208.235269491369
"1902_14_TeamMK_TeamB",204,0,0.0503964275121689,6,"111",2,93.7290775848976,22.2773959733266,255.089912541775
"1902_14_TeamMK_TeamB",252,1,0.646550118923187,8,"110",2,153.836944173859,23.3053565140412,317.505376032422
"1902_15_TeamMK_TeamB",6,0,0.043611716479063,1,"010",2,93.0634279659201,23.576295389748,247.347630070043
"1902_15_TeamMK_TeamB",8,1,0.695048332214355,1,"101",1,136.229079304428,23.6829997151424,282.38038080072
"1902_15_TeamMK_TeamB",17,0,0.374767750501633,1,"111",1,171.826231440428,24.8454571461145,186.943342657369
"1902_15_TeamMK_TeamB",17,0,0.188909471035004,1,"111",2,169.018806791673,25.2895751680644,265.278435599805
"1902_15_TeamMK_TeamB",151,0,0.113426104187965,5,"100",1,99.3168098242031,23.0100547771701,116.008583886455
"1902_15_TeamMK_TeamB",159,0,0.0812889859080315,5,"101",1,92.4553636178897,27.9528971769513,156.683567749195
"1902_15_TeamMK_TeamB",167,1,0.597956895828247,5,"110",1,157.563377586389,24.6883128703892,319.162727308161
"1902_15_TeamMK_TeamB",167,1,0.736533880233765,5,"110",2,167.185598133154,27.9528971769513,352.53690165889
"1902_15_TeamMK_TeamB",235,0,0.171806305646896,7,"010",2,165.099354109242,24.6883128703892,224.308091809123
"1902_15_TeamMK_TeamB",283,0,0.202994897961617,9,"010",2,156.283424811196,23.576295389748,295.082832514059
"1902_16_TeamMD_TeamA2",33,1,0.795092344284058,2,"010",2,109.303607032459,30.6960133436104,328.252789140458
"1902_17_TeamMB_TeamA1",28,0,0.108193621039391,1,"010",2,95.1305119699421,25.3250198156093,218.680683871461
"1902_17_TeamMB_TeamA1",233,1,0.617752432823181,8,"110",1,181.786303171552,26.398697987513,285.460653452643
"1902_18_TeamMB_TeamA1",6,0,0.235388398170471,1,"010",2,167.022409470386,25.760871190775,264.304172299304
"1902_18_TeamMB_TeamA1",36,1,0.756192982196808,1,"101",1,126.814251115512,23.1875590918551,181.86873319237
"1902_18_TeamMB_TeamA1",120,1,0.701932013034821,5,"100",1,160.319256246986,17.1345898854188,324.70494805461
"1902_18_TeamMB_TeamA1",123,1,0.775065839290619,5,"110",2,120.812629883873,21.2596371849673,387.831606039349
"1902_18_TeamMB_TeamA1",134,1,0.863271951675415,5,"100",1,185.096398957563,25.8873903845131,248.729235171374
"1902_18_TeamMB_TeamA1",168,0,0.303102433681488,6,"110",1,146.284073883268,21.2596371849673,209.793639370333
"1902_18_TeamMB_TeamA1",168,0,0.252558469772339,6,"110",2,179.638991103811,17.1345898854188,277.721641535189
"1902_19_TeamME_TeamA2",46,1,0.63737416267395,1,"110",2,135.858049782387,26.6621783241271,379.02781332781
"1902_19_TeamME_TeamA2",58,1,0.83699369430542,1,"111",1,129.695084858988,26.2281855296024,336.386697658341
"1902_19_TeamME_TeamA2",58,1,0.81630140542984,1,"111",2,93.2181792580304,16.9770384487801,369.396529224477
"1902_19_TeamME_TeamA2",72,0,0.038103673607111,1,"100",1,92.6213087017962,23.970070920285,194.278414977108
"1902_19_TeamME_TeamA2",87,0,0.0427385531365871,1,"111",1,91.7921629134556,26.6621783241271,184.13377818652
"1902_19_TeamME_TeamA2",87,1,0.599099099636078,1,"111",2,166.459400487451,26.0290969628366,199.73460510933
"1902_19_TeamME_TeamA2",91,1,0.804576337337494,1,"110",1,186.792378538755,26.6621783241271,308.235140399809
"1902_19_TeamME_TeamA2",91,1,0.901123404502869,1,"110",2,186.716149467385,26.0290969628366,383.66194303058
"1902_19_TeamME_TeamA2",94,0,0.188221037387848,1,"010",2,97.7359526496049,26.6621783241271,213.90165529051
"1902_19_TeamME_TeamA2",250,0,0.115754090249538,6,"010",2,97.8684678394732,26.9431355904348,252.066001649032
"1902_20_TeamME_TeamA2",28,0,0.149047389626503,1,"100",1,90.9979478287613,16.9770384487801,237.210690627657
"1902_20_TeamME_TeamA2",29,1,0.358980387449265,1,"110",1,155.246151173175,16.9770384487801,249.665073667953
"1902_20_TeamME_TeamA2",80,0,0.402816772460938,3,"101",1,174.445969773232,23.5563591501434,202.898475411686
"1902_20_TeamME_TeamA2",107,0,0.053411453962326,4,"100",1,93.122836836643,24.7537249181903,236.574967334909
"1902_20_TeamME_TeamA2",113,0,0.0858131051063538,4,"110",1,93.1655642613184,39.3216238916383,167.146577325399
"1902_20_TeamME_TeamA2",113,0,0.0977800786495209,4,"110",2,96.4770575732909,24.7537249181903,218.86264152254
"1902_20_TeamME_TeamA2",163,1,0.828714668750763,5,"011",2,142.075789016294,24.3402281230767,284.422906409487
"1902_20_TeamME_TeamA2",262,0,0.318428993225098,7,"100",1,144.561930811244,23.5563591501434,277.739299836241
"1902_21_TeamME_TeamA2",55,0,0.334678053855896,1,"100",1,104.602934665452,28.2894242336964,284.885842925017
"1902_21_TeamME_TeamA2",61,0,0.871240019798279,3,"100",1,165.855763147512,28.2894242336964,195.347564445389
"1902_21_TeamME_TeamA2",71,0,0.0351001583039761,3,"100",1,91.7042965245749,23.7543605639067,163.541764441483
"1902_21_TeamME_TeamA2",151,0,0.211567342281342,6,"100",1,112.138366703998,24.6924160572314,198.992410473482
"1902_21_TeamME_TeamA2",182,1,0.4557244181633,7,"100",1,146.291606796497,23.5563591501434,204.435153952103
"1902_21_TeamME_TeamA2",226,0,0.158089891076088,8,"011",2,163.978045271615,22.380589654004,305.212148295706
"1902_22_TeamMA_TeamA1",5,0,0.0652271434664726,1,"100",1,92.9898622157087,27.7492667048469,110.035608189721
"1902_22_TeamMA_TeamA1",31,0,0.404302150011063,1,"100",1,153.325092169409,26.398697987513,151.496060796775
"1902_22_TeamMA_TeamA1",53,0,0.389944136142731,2,"100",1,122.210330651663,24.0783724091939,318.857938097515
"1902_22_TeamMA_TeamA1",55,0,0.0379914976656437,2,"100",1,95.9473115485595,24.0783724091939,195.320519136027
"1902_22_TeamMA_TeamA1",68,0,0.0596370175480843,2,"100",1,94.6664052208458,83.916574659537,136.774380845575
"1902_22_TeamMA_TeamA1",72,1,0.430384814739227,2,"110",1,157.46308278018,23.9135596103541,195.834586688608
"1902_22_TeamMA_TeamA1",72,1,0.722518980503082,2,"110",2,170.060109068918,83.916574659537,238.794355134113
"1902_22_TeamMA_TeamA1",76,0,0.733839452266693,2,"110",1,130.854087971628,26.398697987513,236.961405448638
"1902_22_TeamMA_TeamA1",76,0,0.230861231684685,2,"110",2,176.354691219091,24.8149809588847,322.216751318317
"1902_22_TeamMA_TeamA1",91,0,0.579888761043549,3,"100",1,119.688277344967,22.290638523602,275.55152908859
"1902_22_TeamMA_TeamA1",204,0,0.042002409696579,8,"100",1,91.5505064324503,22.290638523602,170.061224517605
"1902_22_TeamMA_TeamA1",217,1,0.773613750934601,8,"110",1,115.183161908441,25.8613199000481,232.907797549786
"1902_22_TeamMA_TeamA1",217,1,0.888193845748901,8,"110",2,126.323627011726,24.8633925764089,232.56022065334
"1902_22_TeamMA_TeamA1",260,1,0.597766280174255,9,"100",1,136.786274129833,83.916574659537,235.532773696122
"1902_23_TeamMA_TeamA1",45,0,0.115959890186787,2,"110",1,99.0463296537002,24.8633925764089,155.570650459376
"1902_23_TeamMA_TeamA1",45,0,0.0568460822105408,2,"110",2,93.3950443090249,22.290638523602,234.985231878474
"1902_23_TeamMA_TeamA1",53,0,0.0979387015104294,2,"111",1,98.2100440041651,25.1474807663432,140.229553946554
"1902_23_TeamMA_TeamA1",53,1,0.879879713058472,2,"111",2,112.61342389167,24.8633925764089,227.33227542617
"1902_23_TeamMA_TeamA1",98,1,0.326791852712631,3,"101",1,157.1611594159,23.607908864369,227.624948034065
"1902_23_TeamMA_TeamA1",160,0,0.063310980796814,6,"100",1,92.8096240941606,26.398697987513,214.35432169895
"1902_23_TeamMA_TeamA1",168,0,0.402871817350388,6,"110",1,151.768835233256,23.607908864369,222.090167960527
"1902_23_TeamMA_TeamA1",168,0,0.252122581005096,6,"110",2,165.73718201123,26.398697987513,275.205685796675
"1902_23_TeamMA_TeamA1",174,1,0.107882238924503,6,"110",1,101.298338458852,24.8883412327899,147.68254848225
"1902_23_TeamMA_TeamA1",174,1,0.697953939437866,6,"110",2,110.029820271049,23.607908864369,219.135284201814
"1902_23_TeamMA_TeamA1",235,0,0.255717813968658,8,"100",1,152.497694734941,16.6205997267,311.235680430256
"1902_23_TeamMA_TeamA1",239,0,0.276978611946106,8,"100",1,158.018204219968,16.6205997267,195.637484346095
"1902_23_TeamMA_TeamA1",269,0,0.0462004132568836,9,"100",1,96.6310534064807,21.7831122225085,158.445090955971
"1902_24_TeamMA_TeamA1",46,1,0.867876172065735,2,"100",1,172.27967220559,29.9254843577452,315.02554820417
"1902_24_TeamMA_TeamA1",130,0,0.256066977977753,4,"111",1,139.033892587961,19.0493406814487,232.838922987541
"1902_24_TeamMA_TeamA1",130,0,0.200204446911812,4,"111",2,177.049954283667,25.3250198156093,310.54054985074
"1902_24_TeamMA_TeamA1",160,1,0.593941688537598,5,"010",2,120.68057189063,26.398697987513,261.436437373007
"1902_24_TeamMA_TeamA1",225,0,0.0448146834969521,1,"100",1,94.0708962688478,29.9254843577452,212.32905917179
"1902_24_TeamMA_TeamA1",250,0,0.0782313868403435,7,"110",1,98.858131258956,25.3250198156093,201.915011246323
"1902_24_TeamMA_TeamA1",250,1,0.888193845748901,7,"110",2,126.821683911502,23.1875590918551,238.151480414504
"1902_24_TeamMA_TeamA1",383,1,0.393184542655945,12,"100",1,157.996086906229,23.1875590918551,281.66296265973
"1902_25_TeamMH_TeamA3",43,0,0.0844330191612244,2,"100",1,91.9732345204958,19.7749441162024,229.547594672282
"1902_25_TeamMH_TeamA3",49,1,0.291108429431915,2,"100",1,170.528823540955,21.88731526313,209.848479254512
"1902_25_TeamMH_TeamA3",141,0,0.100875101983547,5,"100",1,93.0824114108093,27.0214166099241,215.212802082589
"1902_25_TeamMH_TeamA3",193,0,0.107882238924503,7,"110",1,101.068436171506,24.1048031440141,157.368563676156
"1902_25_TeamMH_TeamA3",193,1,0.311225116252899,7,"110",2,151.187029634681,19.7749441162024,229.597387500315
"1902_25_TeamMH_TeamA3",198,1,0.272655576467514,7,"110",1,177.444697148984,25.0134088693054,157.724659034627
"1902_25_TeamMH_TeamA3",198,1,0.836890995502472,7,"110",2,204.47877245963,24.1048031440141,158.775221592287
"1902_25_TeamMH_TeamA3",202,1,0.660799622535706,7,"101",1,109.989666847319,23.7240160166793,227.048757667763
"1902_25_TeamMH_TeamA3",268,1,0.695732831954956,8,"100",1,129.31997610507,21.3527811410884,240.423646306739
"1902_25_TeamMH_TeamA3",289,0,0.0418792553246021,9,"100",1,94.3664310840503,25.0134088693054,181.140862125731
"1902_26_TeamMC_TeamA1",166,0,0.0436635538935661,6,"100",1,96.4164224977865,20.9245366634449,188.90441808477
"1902_26_TeamMH_TeamA3",12,1,0.584949433803558,1,"100",1,151.18453801262,23.4162644424694,312.267661266923
"1902_26_TeamMH_TeamA3",13,1,0.812469601631165,1,"010",2,142.862218457113,24.6413136986831,279.880930991752
"1902_26_TeamMH_TeamA3",19,1,0.589310467243195,1,"100",1,127.436591301638,23.407024536346,189.610686753284
"1902_26_TeamMH_TeamA3",70,0,0.201881125569344,2,"100",1,169.585487055961,21.4505758066985,257.41943536781
"1902_26_TeamMH_TeamA3",78,1,0.896266281604767,2,"110",1,180.790054718311,27.0214166099241,185.558554469958
"1902_26_TeamMH_TeamA3",78,1,0.810321688652039,2,"110",2,194.144783193533,21.4505758066985,179.464067220962
"1902_26_TeamMH_TeamA3",81,0,0.0771826431155205,2,"101",1,97.7096968942675,17.6048309741729,255.603897405404
"1902_26_TeamMH_TeamA3",114,0,0.188861683011055,3,"010",2,161.77990621753,21.3527811410884,226.595715683047
"1902_26_TeamMH_TeamA3",118,1,0.695732831954956,3,"100",1,126.131654533749,21.4505758066985,197.04827055225
"1902_26_TeamMH_TeamA3",139,0,0.0463024899363518,4,"101",1,93.2741619986998,23.4162644424694,146.874193166242
"1902_26_TeamMH_TeamA3",162,0,0.734312236309052,4,"010",2,139.954026053472,29.0540926657539,324.011186600772
"1902_26_TeamMH_TeamA3",234,0,0.0599342472851276,7,"100",1,94.0582070580221,24.1048031440141,224.772981108223
"1902_26_TeamMH_TeamA3",270,1,0.543431103229523,7,"110",2,161.111415556835,21.7799100390994,376.271106374393
"1902_26_TeamMH_TeamA3",318,0,0.327560693025589,8,"111",1,152.153927256917,23.5452295124492,204.09719369552
"1902_26_TeamMH_TeamA3",318,0,0.115952156484127,8,"111",2,165.126202453323,22.9915836343078,276.043649461186
"1902_26_TeamMH_TeamA3",324,1,0.144306093454361,8,"110",1,162.055957493314,21.6509879401377,180.075008372416
"1902_27_TeamMH_TeamA3",21,1,0.71652752161026,1,"010",2,92.5745767924523,29.0540926657539,280.969886055321
"1902_27_TeamMH_TeamA3",28,0,0.188861683011055,1,"010",2,162.720127836331,22.9915836343078,248.587020741188
"1902_27_TeamMH_TeamA3",258,0,0.112243659794331,8,"110",1,95.9940292652041,19.7749441162024,88.2437018530817
"1902_27_TeamMH_TeamA3",258,1,0.233635246753693,8,"110",2,170.942085408799,24.8019420141147,175.005029261247
"1902_27_TeamMH_TeamA3",268,1,0.433784276247025,8,"111",1,177.153068362257,24.1048031440141,188.189929473458
"1902_27_TeamMH_TeamA3",268,1,0.858165919780731,8,"111",2,135.510615260675,24.8386798923608,275.051121085699
"1902_27_TeamMH_TeamA3",297,0,0.118193306028843,9,"010",2,98.5261224638376,24.6413136986831,225.287229836691
"1902_28_TeamMC_TeamA1",6,0,0.186609208583832,1,"100",1,94.85973456607,21.9407926588811,215.903152590558
"1902_28_TeamMC_TeamA1",52,1,0.801490724086761,2,"010",2,141.16827034627,23.0148225087441,298.920269934995
"1902_28_TeamMC_TeamA1",190,1,0.842993676662445,5,"100",1,196.632865846095,23.1875590918551,125.761044347039
"1902_28_TeamMC_TeamA1",218,1,0.402871817350388,6,"100",1,152.209380009924,23.9135596103541,243.436637504378
"1902_28_TeamMC_TeamA1",223,1,0.543266713619232,6,"111",1,116.93630286556,26.398697987513,177.877105981246
"1902_28_TeamMC_TeamA1",223,1,0.863921523094177,6,"111",2,124.561935812094,24.8149809588847,230.2648688931
"1902_28_TeamMC_TeamA1",224,1,0.888193845748901,6,"011",2,126.760079818196,24.8149809588847,254.701475038132
"1902_29_TeamMF_TeamA2",85,1,0.706085860729218,3,"100",1,122.085897170989,23.970070920285,249.709160496399
"1902_30_TeamMF_TeamA2",23,0,0.0781043916940689,1,"100",1,92.6314902102133,24.6190150943282,218.06094361008
"1902_30_TeamMF_TeamA2",93,1,0.8090900182724,2,"010",2,193.210601772163,23.970070920285,224.93212480933
"1902_30_TeamMF_TeamA2",96,1,0.825058877468109,2,"010",2,137.254050451315,23.970070920285,230.877394088287
"1902_30_TeamMF_TeamA2",181,1,0.481769889593124,5,"011",2,94.6473712479012,26.134164460743,263.735020695015
"1902_30_TeamMF_TeamA2",184,0,0.121627978980541,5,"010",2,92.4155571429105,29.607667308098,218.443405963764
"1902_31_TeamMF_TeamA2",117,1,0.8090900182724,4,"010",2,189.77574817914,24.6190150943282,250.765814438033
"1902_31_TeamMF_TeamA2",234,0,0.0469825640320778,6,"110",1,93.3406039573005,26.0290969628366,209.305239053507
"1902_31_TeamMF_TeamA2",234,1,0.204400062561035,6,"110",2,163.088647531162,22.380589654004,243.041415007813
"1902_31_TeamMF_TeamA2",292,0,0.0700667724013329,8,"010",2,93.1349971582139,29.607667308098,229.77377228466
"1902_31_TeamMF_TeamA2",294,0,0.256411105394363,8,"101",1,160.556027611877,24.6190150943282,278.320786786563
"1903_01_TeamNE_TeamA2",25,0,0.36959645152092,1,"100",1,149.909419185949,23.1875590918551,186.34067356955
"1903_01_TeamNE_TeamA2",36,1,0.313563495874405,1,"101",1,93.6091712708569,39.3216238916383,213.61658514116
"1903_01_TeamNE_TeamA2",69,1,0.038103673607111,2,"100",1,91.687737834403,23.7543605639067,209.849571751718
"1903_01_TeamNE_TeamA2",87,0,0.268029123544693,3,"010",2,155.071875000005,23.4500253436773,262.323545851492
"1903_01_TeamNE_TeamA2",109,0,0.234693378210068,3,"100",1,124.664512754257,39.3216238916383,309.790918384799
"1903_01_TeamNE_TeamA2",112,1,0.807405412197113,3,"100",1,92.2700772657284,39.3216238916383,317.997725768422
"1903_01_TeamNE_TeamA2",134,0,0.479684740304947,4,"100",1,125.06363244159,23.1875590918551,182.30495304165
"1903_01_TeamNE_TeamA2",178,0,0.380260169506073,5,"100",1,129.717716417138,21.3232170163726,292.570671136512
"1903_01_TeamNE_TeamA2",204,1,0.717227578163147,6,"011",2,102.09988893506,21.3164938752671,311.838223674328
"1903_01_TeamNE_TeamA2",206,0,0.27828374505043,6,"010",2,143.168301792812,18.7037155546897,259.760566013422
"1903_01_TeamNE_TeamA2",214,0,0.25749808549881,6,"110",1,153.01990299067,21.3232170163726,244.061565222064
"1903_01_TeamNE_TeamA2",214,0,0.138995632529259,6,"110",2,148.195833871596,18.7037155546897,258.395639414078
"1903_01_TeamNE_TeamA2",242,0,0.190299794077873,7,"100",1,136.514830192327,17.6512625594527,224.614305527804
"1903_01_TeamNE_TeamA2",244,0,0.134196147322655,7,"110",1,141.894728258427,19.3316961848114,208.464025332156
"1903_01_TeamNE_TeamA2",244,0,0.093079037964344,7,"110",2,161.02707135936,17.6512625594527,266.506154937514
"1903_01_TeamNE_TeamA2",249,1,0.858223617076874,7,"110",1,98.1379509100315,19.3316961848114,346.919173526884
"1903_01_TeamNE_TeamA2",249,1,0.865928947925568,7,"110",2,98.0113078528131,17.6512625594527,390.832010947479
"1903_01_TeamNE_TeamA2",282,0,0.609088122844696,8,"100",1,134.144360023593,21.3232170163726,319.659975028807
"1903_01_TeamNE_TeamA2",287,0,0.173073813319206,8,"010",2,159.588314884876,21.3232170163726,271.396683559932
"1903_01_TeamNE_TeamA2",298,0,0.402871817350388,8,"100",1,151.240214458962,23.1875590918551,225.082593528955
"1903_01_TeamNE_TeamA2",310,1,0.821135222911835,8,"110",1,124.554190325081,39.3216238916383,336.188786962337
"1903_01_TeamNE_TeamA2",310,1,0.891154646873474,8,"110",2,134.482987852427,23.1875590918551,322.257799571244
"1903_01_TeamNE_TeamA2",325,0,0.106300294399261,9,"010",2,175.989411319919,17.6512625594527,315.297534435079
"1903_02_TeamNE_TeamA2",19,0,0.294465184211731,1,"011",2,182.963752163388,17.6512625594527,284.866340886423
"1903_02_TeamNE_TeamA2",20,0,0.266636610031128,1,"010",2,95.8431371103159,17.6512625594527,268.10661204657
"1903_02_TeamNE_TeamA2",84,0,0.596476554870605,4,"110",1,125.274305368153,26.1354580622736,348.017998633984
"1903_02_TeamNE_TeamA2",84,0,0.518802762031555,4,"110",2,140.536596279274,26.7916086764505,383.454291797288
"1903_02_TeamNE_TeamA2",89,0,0.643088757991791,4,"010",2,120.579963912604,26.1354580622736,246.654834127795
"1903_02_TeamNE_TeamA2",91,0,0.0781950876116753,4,"101",1,168.661921519084,17.6512625594527,210.906786746875
"1903_02_TeamNE_TeamA2",180,0,0.0564154349267483,7,"100",1,99.6990496234272,23.9135596103541,144.409767579192
"1903_03_TeamNE_TeamA2",58,0,0.0470057539641857,3,"100",1,104.596317631193,26.1354580622736,211.573577817546
"1903_03_TeamNE_TeamA2",68,0,0.209642186760902,3,"111",1,144.858450013107,17.6512625594527,270.014923985483
"1903_03_TeamNE_TeamA2",68,0,0.187754303216934,3,"111",2,167.144621133844,19.440652803019,304.314901420174
"1903_03_TeamNE_TeamA2",145,0,0.480111509561539,5,"100",1,167.702581873891,23.7543605639067,181.579649894617
"1903_03_TeamNE_TeamA2",212,0,0.208179399371147,7,"101",1,165.283808460092,23.7543605639067,222.873618700573
"1903_03_TeamNE_TeamA2",278,0,0.18961626291275,10,"010",2,164.170984014727,23.649296162889,340.764148305537
"1903_03_TeamNE_TeamA2",280,0,0.0608975253999233,10,"101",1,95.2171530165359,21.3232170163726,200.356223841424
"1903_03_TeamNE_TeamA2",291,1,0.599882483482361,10,"100",1,171.05707018824,24.3402281230767,121.251289660866
"1903_04_TeamNC_TeamA1",30,1,0.822788834571838,1,"010",2,116.791895821979,27.9332872007915,226.398574153858
"1903_04_TeamNC_TeamA1",57,0,0.0582026466727257,3,"100",1,93.5801088115745,19.0493406814487,129.045983288221
"1903_04_TeamNC_TeamA1",58,0,0.397852897644043,3,"110",1,169.566413454893,27.7340156378313,280.059524364846
"1903_04_TeamNC_TeamA1",58,0,0.108356326818466,3,"110",2,166.420833193815,19.0493406814487,333.918267057863
"1903_04_TeamNC_TeamA1",62,0,0.0894066840410233,3,"101",1,96.0537395663761,27.7340156378313,160.838209466198
"1903_04_TeamNC_TeamA1",83,1,0.738166987895966,4,"100",1,160.173578931849,27.068625409364,193.015134587838
"1903_04_TeamNC_TeamA1",96,0,0.125890552997589,4,"010",2,175.348551937445,23.0148225087441,278.008468238009
"1903_04_TeamNC_TeamA1",139,0,0.0978206396102905,6,"100",1,169.245161519875,18.045137541156,299.482975267831
"1903_05_TeamND_TeamA2",46,1,0.232930079102516,2,"100",1,93.1585020167243,22.1397629116658,212.605151813744
"1903_05_TeamND_TeamA2",117,0,0.738241732120514,3,"100",1,133.091596486646,23.0148225087441,252.75078188618
"1903_05_TeamND_TeamA2",147,0,0.352661043405533,4,"100",1,114.870469214262,16.9770384487801,133.902912709384
"1903_05_TeamND_TeamA2",155,0,0.457663059234619,4,"110",1,104.593129976553,23.607908864369,338.46309388957
"1903_05_TeamND_TeamA2",155,0,0.412943363189697,4,"110",2,121.334596881092,16.9770384487801,387.874324904343
"1903_05_TeamND_TeamA2",208,1,0.858223617076874,6,"100",1,100.737859375711,20.0718701172876,321.754916295499
"1903_05_TeamND_TeamA2",211,1,0.708115756511688,6,"011",2,108.192531401725,18.3442481574158,370.491853083222
"1903_05_TeamND_TeamA2",254,0,0.229305624961853,7,"100",1,142.921925030474,12.5574600201912,256.496929283776
"1903_05_TeamND_TeamA2",308,1,0.475832343101501,8,"100",1,112.437085203094,23.607908864369,243.706186615976
"1903_05_TeamND_TeamA2",338,0,0.2719706594944,9,"111",1,122.243529474605,18.0148451648463,343.499670181331
"1903_05_TeamND_TeamA2",338,0,0.140081882476807,9,"111",2,168.548639950171,17.4769735477143,379.196526221549
"1903_05_TeamND_TeamA2",358,1,0.666524469852448,9,"100",1,134.288579860436,24.3402281230767,270.112879164953
"1903_06_TeamND_TeamA2",22,0,0.825058877468109,1,"010",2,138.289079639945,23.970070920285,252.766960356293
"1903_06_TeamND_TeamA2",26,1,0.672177791595459,1,"010",2,113.880597417229,23.970070920285,261.385620083299
"1903_06_TeamND_TeamA2",172,0,0.120727576315403,7,"110",1,139.953477908684,17.2079899521881,277.57732173099
"1903_06_TeamND_TeamA2",172,0,0.236315160989761,7,"110",2,167.006181219916,17.4769735477143,318.10714019877
"1903_06_TeamND_TeamA2",210,0,0.323270678520203,8,"010",2,151.974361278809,23.0148225087441,324.555245180478
"1903_06_TeamND_TeamA2",212,1,0.810686767101288,8,"010",2,95.9130184684868,23.0148225087441,307.663995988562
"1903_07_TeamND_TeamA2",54,0,0.151583537459373,2,"010",2,94.1637462242878,16.9770384487801,169.216851344362
"1903_07_TeamND_TeamA2",62,0,0.317542046308517,2,"011",2,167.693050107512,23.970070920285,257.462046027177
"1903_07_TeamND_TeamA2",91,0,0.195007249712944,3,"010",2,163.509632258811,23.1875590918551,296.794884955199
"1903_07_TeamND_TeamA2",96,0,0.053680170327425,3,"010",2,95.1904067322405,23.0148225087441,203.42245847804
"1903_07_TeamND_TeamA2",174,1,0.282340884208679,5,"110",1,151.437754210007,20.418210721938,300.811215419396
"1903_07_TeamND_TeamA2",174,1,0.509023725986481,5,"110",2,128.845440789539,17.2079899521881,373.089509168256
"1903_07_TeamND_TeamA2",205,1,0.72791063785553,5,"011",2,139.710879465034,24.8370678860504,285.968714793244
"1903_07_TeamND_TeamA2",247,0,0.0331902578473091,7,"100",1,92.9790397073172,25.5231683351817,202.821522417608
"1903_07_TeamND_TeamA2",312,1,0.774025201797485,9,"011",2,190.222370796533,13.7563705394268,317.34983710292
"1903_08_TeamNJ_TeamB",7,0,0.775244534015656,1,"010",2,119.129153292724,22.2165218600639,239.264718464382
"1903_08_TeamNJ_TeamB",21,0,0.0491806231439114,1,"110",1,95.0334059101673,20.4728023394028,163.008592644665
"1903_08_TeamNJ_TeamB",21,0,0.0744830667972565,1,"110",2,94.2855501216219,20.2651412610243,250.979506086055
"1903_08_TeamNJ_TeamB",51,0,0.119657836854458,2,"010",2,176.173775093938,25.4754957043848,255.592549086471
"1903_08_TeamNJ_TeamB",147,1,0.176444813609123,6,"110",1,94.5941555777284,21.1808938871628,219.143947872123
"1903_08_TeamNJ_TeamB",147,0,0.0803363993763924,6,"110",2,102.24965832155,18.2754430004324,228.406495828556
"1903_08_TeamNJ_TeamB",155,0,0.262374609708786,6,"010",2,147.343527366269,26.3033847994473,339.406019190232
"1903_09_TeamNJ_TeamB",38,0,0.499364227056503,1,"100",1,137.706072579542,23.090411537833,153.482470908151
"1903_09_TeamNJ_TeamB",40,1,0.605726838111877,1,"100",1,113.097743463058,23.090411537833,279.911245852826
"1903_09_TeamNJ_TeamB",90,1,0.695732831954956,4,"100",1,130.427445172034,22.2165218600639,210.509795477719
"1903_09_TeamNJ_TeamB",142,0,0.276978611946106,6,"100",1,157.775343646986,15.9893463707582,201.956449479807
"1903_09_TeamNJ_TeamB",144,0,0.295206308364868,6,"110",1,151.078307156597,22.2165218600639,109.35254347225
"1903_09_TeamNJ_TeamB",144,0,0.187293514609337,6,"110",2,147.006924875533,15.9893463707582,198.255463926748
"1903_09_TeamNJ_TeamB",168,1,0.0402713976800442,6,"100",1,107.237182731904,25.9997176457858,198.466279967953
"1903_09_TeamNJ_TeamB",191,0,0.392623782157898,7,"100",1,118.027889582458,25.2484830633829,271.417711817377
"1903_09_TeamNJ_TeamB",220,0,0.278391122817993,8,"010",2,144.173825473006,26.3033847994473,241.785323175522
"1903_09_TeamNJ_TeamB",234,0,0.274037212133408,9,"100",1,132.090620614612,18.2754430004324,226.061695390032
"1903_10_TeamNJ_TeamB",15,1,0.781740427017212,1,"010",2,125.630978790759,25.9997176457858,328.040395419893
"1903_10_TeamNJ_TeamB",138,0,0.323834270238876,5,"010",2,165.014340313167,26.9207785525114,337.201236064594
"1903_10_TeamNJ_TeamB",151,0,0.313078284263611,6,"100",1,106.416439377667,22.2165218600639,305.01182819403
"1903_10_TeamNJ_TeamB",157,0,0.313078284263611,6,"100",1,107.948716787126,22.2165218600639,303.345223455362
"1903_10_TeamNJ_TeamB",214,0,0.0418792553246021,8,"100",1,93.4894385688817,25.276511843107,209.634843236763
"1903_10_TeamNJ_TeamB",216,1,0.581943929195404,8,"100",1,117.799233873367,26.3033847994473,235.445759476108
"1903_10_TeamNJ_TeamB",239,1,0.868362545967102,9,"100",1,186.239966374999,25.0704037943125,187.002247109422
"1903_10_TeamNJ_TeamB",245,1,0.726659953594208,9,"010",2,153.668488044482,28.5085869232328,236.811910310228
"1903_11_TeamNC_TeamA1",24,0,0.319334656000137,2,"100",1,155.348883662187,21.8516072575669,313.135270739126
"1903_11_TeamNC_TeamA1",26,0,0.133671045303345,2,"100",1,100.23236886054,21.8516072575669,261.163390471928
"1903_11_TeamNC_TeamA1",31,0,0.131605789065361,2,"110",1,91.6242923253189,21.6048975020378,213.543206492782
"1903_11_TeamNC_TeamA1",31,0,0.170063853263855,2,"110",2,100.884447091327,21.8516072575669,225.721779492587
"1903_11_TeamNC_TeamA1",32,0,0.236837118864059,2,"111",1,163.707593685665,22.4258620226876,285.767093870776
"1903_11_TeamNC_TeamA1",32,0,0.236837118864059,2,"111",2,165.12829492425,21.6048975020378,285.82046717597
"1903_11_TeamNC_TeamA1",124,1,0.466615080833435,5,"010",2,165.037288565832,27.068625409364,370.459093836877
"1903_11_TeamNC_TeamA1",132,0,0.0644385069608688,5,"100",1,99.9187899389907,21.8516072575669,178.920965972634
"1903_11_TeamNC_TeamA1",135,0,0.212902650237083,5,"011",2,168.774738625534,22.6680353974621,267.594545067769
"1903_11_TeamNC_TeamA1",142,0,0.543149769306183,5,"100",1,135.353974560667,26.5842967396871,338.855217020685
"1903_11_TeamNC_TeamA1",166,1,0.118572995066643,6,"110",1,95.6011263185919,27.068625409364,263.238625839313
"1903_11_TeamNC_TeamA1",166,1,0.834212243556976,6,"110",2,114.955080413675,27.2192398872933,350.583050486643
"1903_11_TeamNC_TeamA1",169,0,0.102153070271015,6,"011",2,103.463782709132,25.5799488370965,228.934145252669
"1903_11_TeamNC_TeamA1",196,0,0.0551472865045071,7,"110",1,91.4847041518656,26.6164522587265,165.162234151219
"1903_11_TeamNC_TeamA1",196,0,0.0513641759753227,7,"110",2,92.8957878864937,22.4258620226876,237.879356775867
"1903_11_TeamNC_TeamA1",197,1,0.846453487873077,7,"111",1,118.572376512943,27.2192398872933,339.09078441301
"1903_11_TeamNC_TeamA1",197,1,0.835551679134369,7,"111",2,110.544068156232,26.6164522587265,366.853699477394
"1903_11_TeamNC_TeamA1",205,0,0.0602395161986351,7,"100",1,99.4966996545026,27.7534787850053,239.429235878574
"1903_11_TeamNC_TeamA1",219,0,0.527802228927612,7,"010",2,180.056412561403,28.1350403103533,238.639225039158
"1903_11_TeamNC_TeamA1",248,0,0.042546633630991,8,"100",1,90.2002217921443,26.699867589331,141.312163697269
"1903_11_TeamNC_TeamA1",249,0,0.276978611946106,8,"110",1,159.786467143825,14.9112993997767,177.185214516292
"1903_11_TeamNC_TeamA1",249,0,0.190852954983711,8,"110",2,177.350668635662,26.699867589331,209.060621344958
"1903_11_TeamNC_TeamA1",253,1,0.356723248958588,8,"110",1,173.281299926311,14.9112993997767,247.622144851396
"1903_11_TeamNC_TeamA1",253,1,0.548942446708679,8,"110",2,156.177257764088,26.699867589331,335.632118015335
"1903_12_TeamNC_TeamA1",13,0,0.0455266162753105,1,"100",1,91.1599861314656,28.6695521134101,152.806263738153
"1903_12_TeamNC_TeamA1",69,1,0.706085860729218,2,"100",1,115.673357129353,24.8883412327899,253.24688257909
"1903_12_TeamNC_TeamA1",143,1,0.693810164928436,5,"100",1,164.346283531464,27.9332872007915,243.082073346815
"1903_12_TeamNC_TeamA1",163,0,0.599882483482361,6,"100",1,171.011407705523,25.1398443511717,177.409974008154
"1903_13_TeamNG_TeamA3",102,0,0.112162806093693,4,"010",2,171.981341959066,27.0587525719226,304.363927700773
"1903_13_TeamNG_TeamA3",105,0,0.180373966693878,4,"010",2,151.694823939642,27.0587525719226,305.07983370536
"1903_14_TeamNG_TeamA3",64,0,0.590038776397705,3,"100",1,121.869508013281,24.5821136038885,207.048590715789
"1903_14_TeamNG_TeamA3",67,0,0.0675177425146103,3,"100",1,93.4452172726557,24.5821136038885,222.067542994261
"1903_14_TeamNG_TeamA3",106,1,0.777129650115967,4,"010",2,117.751109835473,27.140133347368,218.9314841938
"1903_14_TeamNG_TeamA3",133,0,0.146352559328079,5,"010",2,173.884486745475,23.6528765695187,260.806885353685
"1903_14_TeamNG_TeamA3",153,0,0.0390710420906544,9,"100",1,96.1015487371487,27.140133347368,168.575421780567
"1903_14_TeamNG_TeamA3",173,0,0.479264080524445,9,"111",1,174.996371449646,27.9808553683801,163.467095254301
"1903_14_TeamNG_TeamA3",173,0,0.211029276251793,9,"111",2,176.931489446692,26.0559846355867,250.741847653817
"1903_14_TeamNG_TeamA3",205,0,0.042002409696579,10,"100",1,90.8206157528287,24.0733282984647,201.946498633434
"1903_15_TeamNG_TeamA3",22,1,0.666653335094452,1,"100",1,155.373087454806,27.0587525719226,258.475332525447
"1903_15_TeamNG_TeamA3",24,1,0.577914655208588,1,"011",2,120.605496587032,39.3216238916383,303.449504969196
"1903_15_TeamNG_TeamA3",29,0,0.12380101531744,1,"010",2,99.7049878906137,26.2281855296024,249.215788689902
"1903_15_TeamNG_TeamA3",125,1,0.512231588363647,4,"100",1,153.001564802926,23.6528765695187,208.54588224343
"1903_15_TeamNG_TeamA3",133,1,0.489608198404312,4,"010",2,114.694137515691,28.6253918889439,263.871636180037
"1903_15_TeamNG_TeamA3",164,0,0.051437471061945,6,"100",1,95.916757980348,71.625145346306,189.896599679817
"1903_15_TeamNG_TeamA3",167,0,0.0786678120493889,6,"110",1,92.2637635046915,26.2204859486103,99.0243777886366
"1903_15_TeamNG_TeamA3",167,0,0.107002757489681,6,"110",2,91.5044042137522,71.625145346306,175.524267525519
"1903_15_TeamNG_TeamA3",201,0,0.0469825640320778,7,"110",1,96.4997044090066,23.6528765695187,176.259153099095
"1903_15_TeamNG_TeamA3",201,1,0.553393006324768,7,"110",2,162.980971618984,27.9808553683801,230.009839668638
"1903_15_TeamNG_TeamA3",225,1,0.733839452266693,7,"110",1,130.04958146815,26.2281855296024,206.531283860974
"1903_15_TeamNG_TeamA3",225,1,0.799210071563721,7,"110",2,141.313049839406,39.3216238916383,274.714480356988
"1903_15_TeamNG_TeamA3",258,0,0.160293534398079,9,"100",1,108.717785636475,27.140133347368,197.73488537789
"1903_16_TeamNI_TeamA3",44,1,0.455742210149765,2,"100",1,136.094821922158,26.2185653220862,230.987867865516
"1903_16_TeamNI_TeamA3",54,1,0.553249478340149,2,"100",1,174.107084457476,24.7537249181903,260.176044915011
"1903_16_TeamNI_TeamA3",56,0,0.485901087522507,2,"010",2,147.234091417821,27.2868303355529,355.230281879336
"1903_16_TeamNI_TeamA3",75,0,0.551184773445129,1,"100",1,136.486334646959,27.0643962732734,233.072400386999
"1903_16_TeamNI_TeamA3",78,0,0.268350660800934,3,"010",2,175.476716356717,27.0643962732734,218.680232189126
"1903_16_TeamNI_TeamA3",113,0,0.494587004184723,4,"100",1,117.233413299642,25.9835809209752,186.305285710972
"1903_16_TeamNI_TeamA3",136,0,0.162179991602898,5,"010",2,163.214476220504,27.7370767901126,298.989394509237
"1903_16_TeamNI_TeamA3",185,0,0.209902971982956,6,"100",1,115.10819746311,27.0587525719226,307.390036667131
"1903_16_TeamNI_TeamA3",204,0,0.252318948507309,7,"110",1,104.840576088945,27.7370767901126,249.800996783643
"1903_16_TeamNI_TeamA3",204,1,0.751479268074036,7,"110",2,114.989290869348,27.0643962732734,242.905690072917
"1903_16_TeamNI_TeamA3",235,0,0.0418792553246021,8,"100",1,93.5614380200044,24.6324703711573,170.949980291387
"1903_16_TeamNI_TeamA3",245,0,0.169942796230316,8,"110",1,178.296430087558,23.687380277094,238.325521318701
"1903_16_TeamNI_TeamA3",245,0,0.185982644557953,8,"110",2,173.205921496855,26.2185653220862,275.532989320118
"1903_17_TeamNI_TeamA3",27,0,0.276508867740631,1,"010",2,161.487115178106,25.1899155059175,379.278012802488
"1903_17_TeamNI_TeamA3",55,0,0.0379914976656437,2,"100",1,95.7942473005785,26.2204859486103,193.96507290808
"1903_17_TeamNI_TeamA3",71,0,0.0477268695831299,3,"100",1,91.7270440376499,21.3589740101998,205.512401765456
"1903_17_TeamNI_TeamA3",131,0,0.053411453962326,5,"100",1,93.4573286117942,25.1899155059175,239.543159607457
"1903_17_TeamNI_TeamA3",137,1,0.658965289592743,5,"110",1,174.476873668437,39.3216238916383,100.23700422119
"1903_17_TeamNI_TeamA3",137,1,0.491823583841324,5,"110",2,162.81575186612,25.1899155059175,188.736464750747
"1903_17_TeamNI_TeamA3",154,0,0.0402713976800442,6,"100",1,100.962810105922,25.9492447242283,205.886474994478
"1903_17_TeamNI_TeamA3",163,1,0.261947870254517,6,"100",1,175.782378880397,27.0587525719226,294.328654288932
"1903_17_TeamNI_TeamA3",164,0,0.0827976316213608,6,"010",2,100.870460192812,26.2204859486103,245.187735020489
"1903_18_TeamNI_TeamA3",14,1,0.777199923992157,1,"010",2,123.428399466823,27.7370767901126,210.926766314852
"1903_18_TeamNI_TeamA3",110,1,0.507177412509918,5,"010",2,165.22509638488,27.0587525719226,220.29117866163
"1903_18_TeamNI_TeamA3",114,1,0.723738491535187,5,"010",2,116.842241679091,27.2868303355529,218.012617974158
"1903_18_TeamNI_TeamA3",177,1,0.690744817256927,7,"100",1,171.367146705137,25.9492447242283,141.02649051735
"1903_18_TeamNI_TeamA3",188,1,0.643413066864014,7,"100",1,137.466796650138,27.0587525719226,248.8763252255
"1903_18_TeamNI_TeamA3",191,0,0.267704129219055,7,"011",2,108.451452272958,26.2204859486103,260.972089878063
"1903_18_TeamNI_TeamA3",192,0,0.241209238767624,7,"101",1,103.45510907152,27.2868303355529,237.358742969179
"1903_18_TeamNI_TeamA3",246,1,0.638835847377777,9,"100",1,163.883001404582,25.9492447242283,190.698692333457
"1903_18_TeamNI_TeamA3",247,0,0.386206477880478,9,"011",2,176.988170159828,24.6324703711573,361.725133046959
"1903_19_TeamNL_TeamB",28,1,0.761432647705078,1,"010",2,136.533318902044,25.9997176457858,312.900543282127
"1903_19_TeamNL_TeamB",29,0,0.043611716479063,1,"010",2,91.9124880384616,24.6883128703892,247.598219319223
"1903_19_TeamNL_TeamB",41,1,0.827527463436127,1,"011",2,115.11931646218,26.9207785525114,263.643366353508
"1903_19_TeamNL_TeamB",92,0,0.0775353908538818,4,"100",1,104.690573935484,19.2459883692504,178.933782536579
"1903_19_TeamNL_TeamB",95,0,0.592682719230652,4,"110",1,171.600647596312,22.2875188035233,340.005853671304
"1903_19_TeamNL_TeamB",95,0,0.114714436233044,4,"110",2,168.552466651478,19.2459883692504,378.715657832166
"1903_19_TeamNL_TeamB",107,1,0.92363566160202,4,"100",1,206.664821557316,26.9207785525114,234.676463543913
"1903_19_TeamNL_TeamB",118,0,0.316455483436584,4,"101",1,119.020133105184,25.276511843107,295.731200493195
"1903_19_TeamNL_TeamB",119,0,0.414929956197739,4,"100",1,164.969806068484,25.276511843107,184.805487292879
"1903_19_TeamNL_TeamB",141,0,0.0409419946372509,5,"100",1,91.8363156535277,25.5204452699151,247.045411197549
"1903_19_TeamNL_TeamB",150,0,0.107880175113678,5,"011",2,101.885958166938,25.9221034716008,202.839093031792
"1903_19_TeamNL_TeamB",164,0,0.0781950876116753,6,"110",1,162.529154298322,19.0957970184087,215.018473465245
"1903_19_TeamNL_TeamB",164,0,0.0729027539491653,6,"110",2,170.773793870365,19.2459883692504,275.820067927307
"1903_19_TeamNL_TeamB",170,0,0.0970393866300583,6,"110",1,165.209014268321,19.0957970184087,206.759201042064
"1903_19_TeamNL_TeamB",170,0,0.0729027539491653,6,"110",2,173.531048487779,19.2459883692504,278.101939608285
"1903_19_TeamNL_TeamB",187,0,0.197732493281364,6,"010",2,166.27981589772,28.5085869232328,305.623116036776
"1903_19_TeamNL_TeamB",206,0,0.0331902578473091,7,"100",1,91.6077268453306,26.0277720033672,207.569228227561
"1903_19_TeamNL_TeamB",213,0,0.0918554589152336,7,"110",1,174.776745198763,22.9169776481789,284.728441524986
"1903_19_TeamNL_TeamB",213,0,0.262596786022186,7,"110",2,162.797536315602,26.0277720033672,278.48967554624
"1903_19_TeamNL_TeamB",254,0,0.138140544295311,8,"100",1,174.348520872023,22.2875188035233,260.420549650461
"1903_19_TeamNL_TeamB",256,1,0.291108429431915,8,"100",1,172.126442617844,22.2875188035233,228.7712788618
"1903_19_TeamNL_TeamB",304,0,0.0678560137748718,9,"111",1,161.664784051595,19.0957970184087,254.882413599034
"1903_19_TeamNL_TeamB",304,0,0.0730663537979126,9,"111",2,159.659435596367,19.2459883692504,240.545579115892
"1903_20_TeamNL_TeamB",136,1,0.70395427942276,6,"100",1,133.673807725144,26.0277720033672,218.655390084146
"1903_20_TeamNL_TeamB",156,0,0.071721725165844,6,"111",1,106.081160214668,19.0957970184087,204.226528712827
"1903_20_TeamNL_TeamB",156,0,0.0500643216073513,6,"111",2,94.3255612894313,19.2459883692504,260.849207391248
"1903_20_TeamNL_TeamB",171,1,0.581381380558014,6,"010",2,140.411291935125,25.9997176457858,306.834181581665
"1903_20_TeamNL_TeamB",238,1,0.719620645046234,8,"010",2,138.229326155575,25.9997176457858,388.995433606064
"1903_20_TeamNL_TeamB",240,1,0.812967300415039,8,"010",2,124.186731805336,24.6883128703892,235.771396009355
"1903_21_TeamNL_TeamB",30,0,0.599764227867126,1,"100",1,151.598803366398,25.9997176457858,144.737953082975
"1903_21_TeamNL_TeamB",65,0,0.0470057539641857,3,"100",1,104.71530761971,22.9169776481789,185.654583068152
"1903_21_TeamNL_TeamB",68,0,0.388180822134018,3,"110",1,141.884807300665,24.9250757552999,300.171686609976
"1903_21_TeamNL_TeamB",68,0,0.360355764627457,3,"110",2,162.132954779158,22.9169776481789,357.636648089053
"1903_21_TeamNL_TeamB",79,0,0.431674510240555,3,"100",1,148.329576288842,24.2827464459474,280.391143281108
"1903_21_TeamNL_TeamB",97,0,0.0470057539641857,4,"100",1,103.944972290257,22.2875188035233,185.3437623848
"1903_21_TeamNL_TeamB",120,0,0.0675177425146103,5,"100",1,95.5123396896851,24.9250757552999,219.585546825498
"1903_21_TeamNL_TeamB",160,0,0.033524863421917,6,"100",1,96.0317074360697,24.6883128703892,146.259444551445
"1903_22_TeamNA_TeamA1",9,1,0.671683490276337,1,"010",2,111.725686584421,27.4607450092204,223.602464535836
"1903_22_TeamNA_TeamA1",34,0,0.12380101531744,1,"010",2,101.030325450399,26.699867589331,252.401401358729
"1903_22_TeamNA_TeamA1",160,0,0.190782994031906,6,"100",1,110.842513722245,30.1918888057045,252.605248374079
"1903_23_TeamNA_TeamA1",84,1,0.856884002685547,3,"010",2,127.533817254401,28.1833774805966,259.374790897743
"1903_23_TeamNA_TeamA1",91,0,0.38099929690361,4,"100",1,141.428561398706,30.1918888057045,258.538665194346
"1903_23_TeamNA_TeamA1",104,1,0.701021492481232,4,"100",1,177.910910797944,26.5842967396871,330.052452007115
"1903_23_TeamNA_TeamA1",191,0,0.0663066804409027,6,"100",1,102.914479282465,27.1276212405838,196.992414530918
"1903_23_TeamNA_TeamA1",193,0,0.0782313868403435,6,"110",1,97.8515970265938,24.8883412327899,209.27230315378
"1903_23_TeamNA_TeamA1",193,0,0.390263438224792,6,"110",2,106.37594299387,27.1276212405838,220.335698086375
"1903_23_TeamNA_TeamA1",229,1,0.799881935119629,7,"100",1,160.155791740011,26.5842967396871,338.46174089027
"1903_24_TeamNA_TeamA1",32,1,0.337282598018646,2,"010",2,150.513377430967,25.1046466498392,272.280805398324
"1903_24_TeamNA_TeamA1",66,0,0.291108429431915,3,"100",1,173.034451395715,22.9053888817051,214.832947912286
"1903_24_TeamNA_TeamA1",80,0,0.723392724990845,3,"110",1,174.642244272521,28.9670549908331,156.831284706389
"1903_24_TeamNA_TeamA1",80,0,0.364726096391678,3,"110",2,178.955640541108,22.9053888817051,193.381997255857
"1903_24_TeamNA_TeamA1",115,1,0.654581785202026,4,"100",1,137.611395851146,27.5999429263475,204.354558857302
"1903_24_TeamNA_TeamA1",117,0,0.245176866650581,4,"101",1,162.86429333842,26.5842967396871,293.22018931927
"1903_24_TeamNA_TeamA1",176,1,0.768638432025909,7,"010",2,122.932654389096,30.1918888057045,234.855567239208
"1903_25_TeamNH_TeamA3",60,0,0.055476613342762,2,"100",1,92.5396022297389,23.7543605639067,98.7603416126052
"1903_25_TeamNH_TeamA3",61,0,0.248911380767822,2,"110",1,176.16791872564,27.2868303355529,310.195268193504
"1903_25_TeamNH_TeamA3",61,0,0.241263851523399,2,"110",2,165.581813338008,23.7543605639067,336.556147095384
"1903_25_TeamNH_TeamA3",84,0,0.100177973508835,3,"100",1,105.830291952473,71.625145346306,191.518938045914
"1903_25_TeamNH_TeamA3",203,1,0.862676382064819,7,"100",1,170.946575597563,26.2204859486103,335.818720196587
"1903_25_TeamNH_TeamA3",208,0,0.039152093231678,7,"010",2,94.0120913369703,23.0148225087441,212.251164288538
"1903_25_TeamNH_TeamA3",217,0,0.0986777022480965,8,"100",1,154.413136680112,19.2469533440005,246.315035391275
"1903_25_TeamNK_TeamB",15,0,0.0379914976656437,1,"100",1,94.3940859048258,25.9997176457858,174.299215606118
"1903_25_TeamNK_TeamB",17,1,0.349777579307556,1,"110",1,144.342782543028,24.6883128703892,225.60359682137
"1903_25_TeamNK_TeamB",17,1,0.649854302406311,1,"110",2,144.509416164168,25.9997176457858,315.587104530984
"1903_25_TeamNK_TeamB",18,1,0.888586461544037,1,"011",2,120.214483690009,26.9207785525114,243.521638880546
"1903_25_TeamNK_TeamB",54,0,0.202520474791527,2,"010",2,168.608185833789,24.7556640739679,229.287187458218
"1903_25_TeamNK_TeamB",59,1,0.508346796035767,2,"010",2,146.382559892697,24.7556640739679,211.54749618289
"1903_25_TeamNK_TeamB",61,1,0.699357986450195,2,"010",2,143.135735818374,25.9997176457858,391.099585487606
"1903_25_TeamNK_TeamB",154,0,0.12886905670166,5,"100",1,139.334248035763,26.3033847994473,293.075115956599
"1903_25_TeamNK_TeamB",159,1,0.832428455352783,6,"010",2,98.7196731419452,28.49582332676,311.489488761932
"1903_25_TeamNK_TeamB",172,0,0.114013649523258,6,"110",1,94.6404824830362,25.9997176457858,216.997998905396
"1903_25_TeamNK_TeamB",172,0,0.0949219688773155,6,"110",2,107.734032228802,25.9221034716008,228.527212409638
"1903_25_TeamNK_TeamB",202,0,0.0331902578473091,7,"100",1,92.9116227490096,24.7556640739679,193.928577941714
"1903_25_TeamNK_TeamB",204,0,0.272655576467514,7,"110",1,175.339096948991,24.2827464459474,156.847684731947
"1903_25_TeamNK_TeamB",204,0,0.169942796230316,7,"110",2,180.687681718552,24.7556640739679,239.678935951514
"1903_25_TeamNK_TeamB",250,0,0.092643640935421,8,"101",1,100.103353655781,24.7556640739679,200.20784193192
"1903_26_TeamNH_TeamA3",13,1,0.753939628601074,1,"100",1,129.388770244451,28.0701798925531,205.003303238677
"1903_26_TeamNH_TeamA3",68,0,0.542816579341888,2,"100",1,165.224599715853,24.7537249181903,197.073292842766
"1903_26_TeamNH_TeamA3",113,1,0.590718030929565,3,"100",1,172.233587905919,24.7537249181903,301.009082408419
"1903_26_TeamNH_TeamA3",122,1,0.75662362575531,4,"010",2,157.417825253471,28.0701798925531,199.928305249114
"1903_26_TeamNH_TeamA3",123,0,0.0610520988702774,4,"010",2,96.4106446562173,23.6064393030127,227.197305757023
"1903_26_TeamNH_TeamA3",145,0,0.128925174474716,4,"100",1,101.295139550315,27.0214166099241,143.849240706753
"1903_26_TeamNH_TeamA3",149,1,0.773481726646423,4,"110",1,120.86699051884,27.2868303355529,212.81018611381
"1903_26_TeamNH_TeamA3",149,1,0.827527463436127,4,"110",2,118.523287159429,27.0214166099241,280.520503138737
"1903_26_TeamNH_TeamA3",154,0,0.23004786670208,4,"011",2,169.469012463962,26.0897649059103,335.621163517201
"1903_26_TeamNH_TeamA3",159,0,0.058830738067627,4,"100",1,97.1246558357165,23.0148225087441,162.557426429535
"1903_26_TeamNH_TeamA3",176,0,0.0495367981493473,5,"100",1,97.1268100118236,27.0647297965304,181.058605652223
"1903_26_TeamNH_TeamA3",258,1,0.779863774776459,7,"010",2,143.338798620153,24.7537249181903,393.743348625993
"1903_26_TeamNH_TeamA3",303,1,0.682095587253571,8,"100",1,141.564688991493,27.0587525719226,207.543171085299
"1903_26_TeamNH_TeamA3",325,0,0.0390710420906544,9,"100",1,93.3354753822093,27.7367112939036,202.013427131082
"1903_26_TeamNH_TeamA3",332,0,0.0674796551465988,9,"111",1,95.4577396669651,26.3958265291826,181.233192629634
"1903_26_TeamNH_TeamA3",332,1,0.778252720832825,9,"111",2,118.159296899416,27.0647297965304,265.849288558254
"1903_26_TeamNK_TeamB",19,0,0.37254923582077,1,"100",1,145.338621500927,25.9997176457858,265.377228384916
"1903_26_TeamNK_TeamB",114,0,0.17022217810154,5,"010",2,101.99952073644,27.3983170329382,267.449882330903
"1903_26_TeamNK_TeamB",130,0,0.0408603064715862,5,"010",2,93.5437772823894,24.2827464459474,179.932466737523
"1903_26_TeamNK_TeamB",149,0,0.128925174474716,5,"100",1,103.310898780365,26.9207785525114,163.678702265905
"1903_26_TeamNK_TeamB",163,0,0.432719826698303,6,"100",1,163.269798296164,24.2185611823008,256.550937635119
"1903_26_TeamNK_TeamB",168,0,0.349777579307556,6,"100",1,147.51156532934,24.2185611823008,217.745426508551
"1903_27_TeamNH_TeamA3",30,0,0.146352559328079,2,"010",2,173.027950849052,23.6064393030127,264.491480190213
"1903_27_TeamNH_TeamA3",141,0,0.237899869680405,5,"100",1,141.142891826477,26.2294871133733,264.413711728704
"1903_27_TeamNH_TeamA3",202,1,0.799284756183624,7,"010",2,194.124935582352,26.2204859486103,239.501500956842
"1903_27_TeamNK_TeamB",36,0,0.043611716479063,2,"010",2,92.820139206927,24.0941645378685,232.706508266958
"1903_27_TeamNK_TeamB",39,1,0.88906317949295,2,"101",1,171.062211343178,29.1910115771182,195.969219049038
"1903_27_TeamNK_TeamB",70,1,0.714131534099579,2,"111",1,135.10634854796,25.8202283975345,304.958127836067
"1903_27_TeamNK_TeamB",70,1,0.899525821208954,2,"111",2,129.421011048231,24.7556640739679,338.89448135998
"1903_27_TeamNK_TeamB",71,0,0.407089054584503,2,"011",2,155.242475995574,25.5204452699151,335.960377300872
"1903_27_TeamNK_TeamB",85,0,0.738241732120514,3,"100",1,126.252699972622,23.7480253065322,250.510792266425
"1903_27_TeamNK_TeamB",133,1,0.408596634864807,4,"110",1,98.9033251814776,26.9207785525114,167.808199194322
"1903_27_TeamNK_TeamB",133,1,0.792965471744537,4,"110",2,113.522855694134,24.6883128703892,227.282750419213
"1903_27_TeamNK_TeamB",161,0,0.542816579341888,5,"100",1,166.432985769534,24.7556640739679,198.010842877539
"1903_27_TeamNK_TeamB",163,0,0.0346477366983891,5,"100",1,91.987244577407,24.7556640739679,203.521469559054
"1903_27_TeamNK_TeamB",164,0,0.437707662582397,5,"110",1,171.370812977474,25.5204452699151,243.919763090582
"1903_27_TeamNK_TeamB",164,0,0.229793846607208,5,"110",2,171.835910501283,24.7556640739679,259.565329884598
"1903_27_TeamNK_TeamB",167,1,0.582198977470398,5,"110",1,156.184279856534,25.5204452699151,283.224765661328
"1903_27_TeamNK_TeamB",167,1,0.779561340808868,5,"110",2,145.597189750541,24.7556640739679,359.782153473473
"1903_27_TeamNK_TeamB",184,0,0.0402713976800442,6,"100",1,101.491175427767,24.6883128703892,208.149713132106
"1903_27_TeamNK_TeamB",186,1,0.920113921165466,6,"110",1,181.031717243128,26.9207785525114,334.332810551962
"1903_27_TeamNK_TeamB",186,1,0.906287968158722,6,"110",2,138.418333352769,24.6883128703892,364.850461281454
"1903_27_TeamNK_TeamB",187,0,0.448492348194122,6,"010",2,129.830880454808,25.276511843107,269.346408207962
"1903_27_TeamNK_TeamB",191,0,0.236159116029739,6,"101",1,169.483588680429,25.2484830633829,165.924705551695
"1903_27_TeamNK_TeamB",196,0,0.0330920480191708,6,"100",1,95.0103007559572,25.8202283975345,170.615445761004
"1903_27_TeamNK_TeamB",202,1,0.765060305595398,6,"011",2,149.749058439449,25.5204452699151,369.371267027107
"1903_27_TeamNK_TeamB",272,0,0.263774245977402,9,"100",1,156.555938270631,24.0941645378685,301.935334443632
"1903_28_TeamNF_TeamA2",14,1,0.721513688564301,1,"100",1,133.925528687763,23.5463008280464,281.870761823974
"1903_28_TeamNF_TeamA2",16,0,0.425568670034409,1,"101",1,113.984819775171,27.5747018476594,268.380393827052
"1903_28_TeamNF_TeamA2",36,1,0.67549592256546,2,"100",1,148.346256383384,27.3625367545544,220.985321445656
"1903_28_TeamNF_TeamA2",116,0,0.105391778051853,4,"100",1,92.6264062173693,16.9770384487801,203.745722900615
"1903_28_TeamNF_TeamA2",123,0,0.304968923330307,4,"110",1,139.372565690705,22.6901473389068,312.261679243049
"1903_28_TeamNF_TeamA2",123,0,0.412943363189697,4,"110",2,137.325169429855,16.9770384487801,371.314160083266
"1903_28_TeamNF_TeamA2",126,0,0.0464380197227001,4,"101",1,91.0501296045875,22.6901473389068,172.615563728436
"1903_28_TeamNF_TeamA2",159,0,0.0470057539641857,5,"100",1,99.9256422963296,25.1398443511717,194.531278956459
"1903_28_TeamNF_TeamA2",160,0,0.202748358249664,5,"110",1,110.019985066626,16.9770384487801,201.633594815189
"1903_28_TeamNF_TeamA2",160,1,0.726363897323608,5,"110",2,119.031461511091,25.1398443511717,267.021581489306
"1903_28_TeamNF_TeamA2",164,1,0.406673192977905,5,"111",1,102.15218977834,27.9332872007915,180.755944843929
"1903_28_TeamNF_TeamA2",164,1,0.76483815908432,5,"111",2,112.766010177506,22.6901473389068,234.200047439342
"1903_28_TeamNF_TeamA2",270,0,0.042002409696579,9,"100",1,92.2904013904947,23.2086565273069,208.358836239113
"1903_28_TeamNF_TeamA2",274,0,0.0834609940648079,9,"110",1,91.8194811908084,26.8206438290489,133.546652191036
"1903_28_TeamNF_TeamA2",274,0,0.108026377856731,9,"110",2,97.3762703065143,23.2086565273069,208.244625508991
"1903_28_TeamNF_TeamA2",282,1,0.414267659187317,9,"111",1,152.30602647718,23.8889438661145,244.878705323171
"1903_28_TeamNF_TeamA2",282,1,0.54666930437088,9,"111",2,158.35702342045,26.8206438290489,236.837956770447
"1903_29_TeamNF_TeamA2",125,1,0.789091765880585,4,"010",2,100.357255366703,24.3402281230767,348.625123719792
"1903_29_TeamNF_TeamA2",180,1,0.834562480449677,5,"100",1,199.637890278669,26.398697987513,234.804975364484
"1903_29_TeamNF_TeamA2",239,0,0.0336243137717247,7,"100",1,90.7482384189452,23.9135596103541,140.170137365765
"1903_30_TeamNB_TeamA1",26,0,0.0812889859080315,1,"101",1,92.9987233194324,28.1350403103533,162.371143667049
"1903_30_TeamNB_TeamA1",76,1,0.74807208776474,2,"100",1,135.762946023838,28.1350403103533,189.782679466087
"1903_30_TeamNB_TeamA1",77,1,0.854776501655579,2,"011",2,93.1308035985708,30.8385359040905,382.876524815455
"1903_30_TeamNB_TeamA1",83,0,0.62887966632843,2,"101",1,142.204586268261,26.5842967396871,198.170413191367
"1903_30_TeamNB_TeamA1",97,0,0.0349965021014214,3,"100",1,94.9566309671084,25.4055522322133,152.89570510213
"1903_30_TeamNB_TeamA1",103,0,0.0372936092317104,3,"111",1,96.3955625914648,24.868831281087,131.052436931222
"1903_30_TeamNB_TeamA1",103,1,0.705548048019409,3,"111",2,112.898865993382,26.7014525559617,209.387128363995
"1903_30_TeamNB_TeamA1",123,0,0.326791852712631,4,"100",1,159.607227420516,24.5831296997515,222.583140508425
"1903_30_TeamNB_TeamA1",146,0,0.0346477366983891,5,"100",1,90.8133525381414,24.8883412327899,203.022086505226
"1903_30_TeamNB_TeamA1",148,0,0.0368139930069447,5,"110",1,94.227294648687,23.9048047630382,187.671769972921
"1903_30_TeamNB_TeamA1",148,1,0.871246218681335,5,"110",2,119.925131974452,24.8883412327899,233.801742366476
"1903_30_TeamNB_TeamA1",153,0,0.276978611946106,5,"110",1,157.530614207877,14.9112993997767,134.024774492267
"1903_30_TeamNB_TeamA1",153,0,0.200404435396194,5,"110",2,174.214735725596,23.9048047630382,223.993162101212
"1903_30_TeamNB_TeamA1",168,1,0.349777579307556,6,"100",1,146.153530011816,24.5268197260689,230.70628929663
"1903_30_TeamNF_TeamA2",98,0,0.198484852910042,3,"010",2,170.203907191185,26.398697987513,186.329440413183
"1903_30_TeamNF_TeamA2",226,1,0.738241732120514,8,"100",1,128.734135162714,24.3402281230767,215.124105924419
"1903_30_TeamNF_TeamA2",246,0,0.04531604424119,9,"111",1,91.2847488753865,24.144386520585,162.470665538846
"1903_30_TeamNF_TeamA2",246,0,0.174045950174332,9,"111",2,98.7245376783769,27.5747018476594,208.02027800618
"1903_30_TeamNF_TeamA2",248,0,0.252644240856171,9,"111",1,165.41111977091,26.3299655937339,275.753432942274
"1903_31_TeamNB_TeamA1",3,0,0.390321612358093,1,"100",1,143.30336605536,21.5542829250235,161.359467317435
"1903_31_TeamNB_TeamA1",6,0,0.164560914039612,1,"100",1,176.896800245438,21.5542829250235,238.914442496162
"1903_31_TeamNB_TeamA1",47,1,0.446471393108368,2,"100",1,156.420614401634,27.1276212405838,305.428105815237
"1903_31_TeamNB_TeamA1",49,0,0.264867752790451,2,"011",2,168.816983258562,26.5842967396871,327.681820892466
"1903_31_TeamNB_TeamA1",59,0,0.137924268841743,2,"101",1,91.3673288967208,14.9112993997767,109.750919343539
"1903_31_TeamNB_TeamA1",106,0,0.372650921344757,4,"100",1,179.34105975794,24.5268197260689,247.359114650112
"1903_31_TeamNB_TeamA1",112,0,0.0349965021014214,4,"100",1,93.4002542128443,24.5268197260689,137.702264183824
"1903_31_TeamNB_TeamA1",196,0,0.053621556609869,6,"111",1,93.5330503649962,26.7014525559617,200.563491342151
"1903_31_TeamNB_TeamA1",196,1,0.693427920341492,6,"111",2,117.942964098827,21.5542829250235,205.604852551928
"1903_31_TeamNB_TeamA1",211,0,0.0396955125033855,6,"100",1,92.7822060346033,27.1276212405838,140.583755322894
"1903_31_TeamNB_TeamA1",228,0,0.0336243137717247,7,"100",1,92.1787581215382,23.473848428433,143.011513472376
"1903_31_TeamNB_TeamA1",260,0,0.581943929195404,8,"100",1,122.658103306119,26.5842967396871,233.207753377164
"1903_32_TeamNB_TeamA1",12,0,0.0652271434664726,1,"100",1,91.1744635452386,28.1350403103533,100.728856449506
"1903_32_TeamNB_TeamA1",15,0,0.101764798164368,1,"110",1,95.9265642358451,30.8385359040905,253.287865779872
"1903_32_TeamNB_TeamA1",15,0,0.768949151039124,1,"110",2,101.106501724491,28.1350403103533,281.6726984294
"1903_32_TeamNB_TeamA1",66,1,0.82861465215683,3,"100",1,158.599858734582,28.1350403103533,185.238125619141
"1903_32_TeamNB_TeamA1",96,0,0.401632934808731,5,"100",1,148.140851575194,24.5831296997515,261.162389032469
"1903_32_TeamNB_TeamA1",97,0,0.250861346721649,5,"100",1,144.770458992781,24.5831296997515,302.96289776553
"1903_32_TeamNB_TeamA1",119,0,0.07962416857481,6,"010",2,104.460449430384,26.7014525559617,210.451318065651
"1903_32_TeamNB_TeamA1",120,0,0.314551264047623,6,"101",1,175.504252303258,24.5268197260689,169.324640421101
